image_path,label
test_dataset_v2/img_0.png,"[('circle', 'blue'), ('triangle', 'blue')]"
test_dataset_v2/img_1.png,"[('circle', 'green'), ('square', 'blue'), ('square', 'green'), ('square', 'red'), ('triangle', 'blue'), ('triangle', 'red')]"
test_dataset_v2/img_2.png,"[('circle', 'green'), ('triangle', 'blue')]"
test_dataset_v2/img_3.png,"[('square', 'green'), ('triangle', 'green')]"
test_dataset_v2/img_4.png,"[('circle', 'green'), ('circle', 'red'), ('square', 'blue'), ('square', 'red'), ('triangle', 'blue'), ('triangle', 'green')]"
test_dataset_v2/img_5.png,"[('circle', 'blue'), ('circle', 'green'), ('square', 'red'), ('triangle', 'green'), ('triangle', 'red')]"
test_dataset_v2/img_6.png,"[('circle', 'red'), ('square', 'blue'), ('square', 'green'), ('triangle', 'blue'), ('triangle', 'green'), ('triangle', 'red')]"
test_dataset_v2/img_7.png,"[('circle', 'green'), ('square', 'blue'), ('square', 'red')]"
test_dataset_v2/img_8.png,"[('circle', 'blue'), ('circle', 'green'), ('square', 'blue'), ('triangle', 'blue'), ('triangle', 'green'), ('triangle', 'red')]"
test_dataset_v2/img_9.png,"[('circle', 'blue')]"
test_dataset_v2/img_10.png,"[('square', 'green'), ('square', 'red'), ('triangle', 'green'), ('triangle', 'red')]"
test_dataset_v2/img_11.png,"[('circle', 'green'), ('square', 'green'), ('square', 'red'), ('triangle', 'blue'), ('triangle', 'green'), ('triangle', 'red')]"
test_dataset_v2/img_12.png,[]
test_dataset_v2/img_13.png,"[('circle', 'blue'), ('square', 'blue'), ('triangle', 'green'), ('triangle', 'red')]"
test_dataset_v2/img_14.png,"[('square', 'red')]"
test_dataset_v2/img_15.png,"[('circle', 'red')]"
test_dataset_v2/img_16.png,"[('circle', 'blue'), ('circle', 'green'), ('triangle', 'red')]"
test_dataset_v2/img_17.png,"[('circle', 'blue'), ('circle', 'green'), ('square', 'green'), ('triangle', 'blue'), ('triangle', 'green'), ('triangle', 'red')]"
test_dataset_v2/img_18.png,"[('circle', 'red'), ('square', 'red'), ('triangle', 'blue'), ('triangle', 'red')]"
test_dataset_v2/img_19.png,"[('circle', 'blue'), ('circle', 'green'), ('circle', 'red'), ('square', 'blue'), ('square', 'red'), ('triangle', 'red')]"
test_dataset_v2/img_20.png,"[('square', 'blue'), ('square', 'red')]"
test_dataset_v2/img_21.png,"[('circle', 'green'), ('circle', 'red'), ('square', 'red'), ('triangle', 'blue'), ('triangle', 'red')]"
test_dataset_v2/img_22.png,"[('triangle', 'blue'), ('triangle', 'red')]"
test_dataset_v2/img_23.png,"[('circle', 'green'), ('circle', 'red'), ('square', 'blue'), ('square', 'red')]"
test_dataset_v2/img_24.png,"[('square', 'red'), ('triangle', 'blue')]"
test_dataset_v2/img_25.png,"[('square', 'green'), ('triangle', 'green')]"
test_dataset_v2/img_26.png,"[('square', 'red'), ('triangle', 'blue'), ('triangle', 'red')]"
test_dataset_v2/img_27.png,"[('square', 'blue')]"
test_dataset_v2/img_28.png,"[('circle', 'blue'), ('triangle', 'blue'), ('triangle', 'green'), ('triangle', 'red')]"
test_dataset_v2/img_29.png,"[('circle', 'blue'), ('circle', 'green'), ('circle', 'red'), ('square', 'blue'), ('square', 'green'), ('square', 'red'), ('triangle', 'red')]"
test_dataset_v2/img_30.png,"[('triangle', 'green')]"
test_dataset_v2/img_31.png,"[('circle', 'green')]"
test_dataset_v2/img_32.png,"[('circle', 'blue'), ('circle', 'green'), ('circle', 'red'), ('triangle', 'blue')]"
test_dataset_v2/img_33.png,[]
test_dataset_v2/img_34.png,"[('circle', 'blue'), ('circle', 'green'), ('square', 'blue'), ('square', 'green'), ('square', 'red'), ('triangle', 'red')]"
test_dataset_v2/img_35.png,"[('square', 'red')]"
test_dataset_v2/img_36.png,"[('circle', 'blue')]"
test_dataset_v2/img_37.png,"[('circle', 'blue')]"
test_dataset_v2/img_38.png,"[('circle', 'blue'), ('square', 'blue'), ('square', 'red'), ('triangle', 'green')]"
test_dataset_v2/img_39.png,"[('triangle', 'green')]"
test_dataset_v2/img_40.png,"[('circle', 'blue'), ('circle', 'green'), ('square', 'blue'), ('square', 'green'), ('square', 'red')]"
test_dataset_v2/img_41.png,[]
test_dataset_v2/img_42.png,[]
test_dataset_v2/img_43.png,"[('circle', 'blue'), ('circle', 'green'), ('square', 'red'), ('triangle', 'blue'), ('triangle', 'green'), ('triangle', 'red')]"
test_dataset_v2/img_44.png,"[('circle', 'blue'), ('triangle', 'red')]"
test_dataset_v2/img_45.png,[]
test_dataset_v2/img_46.png,"[('circle', 'green'), ('square', 'blue'), ('square', 'green'), ('triangle', 'blue')]"
test_dataset_v2/img_47.png,"[('circle', 'blue'), ('circle', 'red'), ('square', 'blue'), ('triangle', 'green')]"
test_dataset_v2/img_48.png,"[('circle', 'blue'), ('square', 'blue')]"
test_dataset_v2/img_49.png,"[('circle', 'green'), ('square', 'blue'), ('triangle', 'blue'), ('triangle', 'green'), ('triangle', 'red')]"
test_dataset_v2/img_50.png,[]
test_dataset_v2/img_51.png,[]
test_dataset_v2/img_52.png,"[('circle', 'blue'), ('square', 'blue'), ('triangle', 'blue'), ('triangle', 'green'), ('triangle', 'red')]"
test_dataset_v2/img_53.png,"[('triangle', 'blue')]"
test_dataset_v2/img_54.png,"[('square', 'blue')]"
test_dataset_v2/img_55.png,"[('circle', 'blue'), ('circle', 'red')]"
test_dataset_v2/img_56.png,"[('circle', 'blue'), ('circle', 'green')]"
test_dataset_v2/img_57.png,"[('square', 'blue')]"
test_dataset_v2/img_58.png,"[('circle', 'blue'), ('square', 'blue'), ('square', 'red'), ('triangle', 'blue'), ('triangle', 'red')]"
test_dataset_v2/img_59.png,"[('circle', 'red'), ('square', 'green'), ('triangle', 'blue')]"
test_dataset_v2/img_60.png,"[('square', 'red'), ('triangle', 'green'), ('triangle', 'red')]"
test_dataset_v2/img_61.png,"[('circle', 'green'), ('square', 'green'), ('triangle', 'blue'), ('triangle', 'green'), ('triangle', 'red')]"
test_dataset_v2/img_62.png,"[('circle', 'blue'), ('square', 'blue'), ('square', 'green'), ('triangle', 'blue'), ('triangle', 'green'), ('triangle', 'red')]"
test_dataset_v2/img_63.png,"[('circle', 'blue'), ('circle', 'green'), ('square', 'blue'), ('square', 'green'), ('triangle', 'blue')]"
test_dataset_v2/img_64.png,"[('circle', 'green'), ('triangle', 'green'), ('triangle', 'red')]"
test_dataset_v2/img_65.png,"[('circle', 'green'), ('triangle', 'blue')]"
test_dataset_v2/img_66.png,"[('circle', 'blue'), ('circle', 'red'), ('square', 'green'), ('triangle', 'green')]"
test_dataset_v2/img_67.png,"[('circle', 'blue'), ('square', 'blue'), ('square', 'red'), ('triangle', 'blue'), ('triangle', 'green')]"
test_dataset_v2/img_68.png,"[('circle', 'red')]"
test_dataset_v2/img_69.png,"[('circle', 'green'), ('square', 'red'), ('triangle', 'red')]"
test_dataset_v2/img_70.png,"[('circle', 'green')]"
test_dataset_v2/img_71.png,"[('circle', 'green'), ('circle', 'red'), ('triangle', 'blue'), ('triangle', 'red')]"
test_dataset_v2/img_72.png,[]
test_dataset_v2/img_73.png,"[('circle', 'blue'), ('circle', 'red'), ('square', 'red'), ('triangle', 'blue'), ('triangle', 'red')]"
test_dataset_v2/img_74.png,"[('square', 'green')]"
test_dataset_v2/img_75.png,"[('square', 'green')]"
test_dataset_v2/img_76.png,"[('square', 'red')]"
test_dataset_v2/img_77.png,"[('triangle', 'green')]"
test_dataset_v2/img_78.png,"[('circle', 'blue'), ('triangle', 'green'), ('triangle', 'red')]"
test_dataset_v2/img_79.png,"[('circle', 'green'), ('square', 'red'), ('triangle', 'blue'), ('triangle', 'green')]"
test_dataset_v2/img_80.png,"[('circle', 'red'), ('triangle', 'blue'), ('triangle', 'red')]"
test_dataset_v2/img_81.png,"[('square', 'green'), ('square', 'red')]"
test_dataset_v2/img_82.png,"[('circle', 'green'), ('circle', 'red'), ('square', 'blue'), ('triangle', 'red')]"
test_dataset_v2/img_83.png,"[('circle', 'blue'), ('circle', 'red'), ('square', 'blue'), ('square', 'green'), ('triangle', 'green'), ('triangle', 'red')]"
test_dataset_v2/img_84.png,"[('circle', 'blue'), ('square', 'blue'), ('triangle', 'blue'), ('triangle', 'red')]"
test_dataset_v2/img_85.png,"[('triangle', 'blue'), ('triangle', 'green'), ('triangle', 'red')]"
test_dataset_v2/img_86.png,"[('triangle', 'blue')]"
test_dataset_v2/img_87.png,[]
test_dataset_v2/img_88.png,"[('circle', 'blue'), ('circle', 'green'), ('square', 'blue'), ('triangle', 'blue')]"
test_dataset_v2/img_89.png,"[('circle', 'red'), ('square', 'blue'), ('square', 'green'), ('triangle', 'blue'), ('triangle', 'green'), ('triangle', 'red')]"
test_dataset_v2/img_90.png,"[('circle', 'blue'), ('circle', 'green'), ('square', 'green'), ('triangle', 'green'), ('triangle', 'red')]"
test_dataset_v2/img_91.png,"[('square', 'green')]"
test_dataset_v2/img_92.png,"[('circle', 'green'), ('square', 'blue'), ('square', 'green'), ('triangle', 'red')]"
test_dataset_v2/img_93.png,"[('circle', 'red'), ('square', 'green'), ('triangle', 'green')]"
test_dataset_v2/img_94.png,"[('triangle', 'blue'), ('triangle', 'red')]"
test_dataset_v2/img_95.png,"[('circle', 'blue'), ('square', 'green')]"
test_dataset_v2/img_96.png,"[('circle', 'blue'), ('circle', 'red'), ('square', 'green')]"
test_dataset_v2/img_97.png,"[('square', 'blue'), ('square', 'red'), ('triangle', 'red')]"
test_dataset_v2/img_98.png,"[('circle', 'green'), ('circle', 'red'), ('square', 'green'), ('square', 'red')]"
test_dataset_v2/img_99.png,[]
test_dataset_v2/img_100.png,"[('circle', 'blue'), ('circle', 'green'), ('circle', 'red'), ('square', 'green'), ('triangle', 'green')]"
test_dataset_v2/img_101.png,"[('triangle', 'red')]"
test_dataset_v2/img_102.png,"[('triangle', 'red')]"
test_dataset_v2/img_103.png,"[('circle', 'blue'), ('triangle', 'red')]"
test_dataset_v2/img_104.png,"[('square', 'blue'), ('square', 'red'), ('triangle', 'blue'), ('triangle', 'green'), ('triangle', 'red')]"
test_dataset_v2/img_105.png,"[('circle', 'blue')]"
test_dataset_v2/img_106.png,"[('circle', 'blue'), ('square', 'red'), ('triangle', 'blue'), ('triangle', 'green'), ('triangle', 'red')]"
test_dataset_v2/img_107.png,[]
test_dataset_v2/img_108.png,"[('circle', 'green'), ('circle', 'red'), ('square', 'blue'), ('triangle', 'green'), ('triangle', 'red')]"
test_dataset_v2/img_109.png,"[('circle', 'green'), ('square', 'blue'), ('square', 'green'), ('triangle', 'green'), ('triangle', 'red')]"
test_dataset_v2/img_110.png,"[('square', 'green'), ('square', 'red'), ('triangle', 'blue'), ('triangle', 'green'), ('triangle', 'red')]"
test_dataset_v2/img_111.png,"[('triangle', 'blue')]"
test_dataset_v2/img_112.png,"[('circle', 'blue'), ('circle', 'red'), ('triangle', 'green'), ('triangle', 'red')]"
test_dataset_v2/img_113.png,"[('circle', 'blue'), ('circle', 'green'), ('circle', 'red'), ('square', 'green'), ('triangle', 'green'), ('triangle', 'red')]"
test_dataset_v2/img_114.png,"[('square', 'red')]"
test_dataset_v2/img_115.png,"[('circle', 'green'), ('circle', 'red'), ('square', 'blue'), ('square', 'green'), ('triangle', 'green'), ('triangle', 'red')]"
test_dataset_v2/img_116.png,"[('circle', 'blue'), ('circle', 'red'), ('square', 'blue'), ('triangle', 'blue')]"
test_dataset_v2/img_117.png,"[('circle', 'green'), ('square', 'blue'), ('square', 'green'), ('triangle', 'red')]"
test_dataset_v2/img_118.png,"[('circle', 'blue'), ('circle', 'green'), ('square', 'blue'), ('square', 'green'), ('triangle', 'blue')]"
test_dataset_v2/img_119.png,"[('square', 'blue'), ('square', 'red'), ('triangle', 'red')]"
test_dataset_v2/img_120.png,"[('square', 'green'), ('triangle', 'red')]"
test_dataset_v2/img_121.png,"[('circle', 'green')]"
test_dataset_v2/img_122.png,"[('square', 'red')]"
test_dataset_v2/img_123.png,"[('circle', 'blue'), ('circle', 'red'), ('square', 'blue'), ('triangle', 'blue')]"
test_dataset_v2/img_124.png,"[('circle', 'blue'), ('square', 'green'), ('square', 'red'), ('triangle', 'green')]"
test_dataset_v2/img_125.png,[]
test_dataset_v2/img_126.png,"[('circle', 'green'), ('square', 'blue'), ('triangle', 'red')]"
test_dataset_v2/img_127.png,[]
test_dataset_v2/img_128.png,"[('square', 'red')]"
test_dataset_v2/img_129.png,"[('square', 'blue'), ('triangle', 'green')]"
test_dataset_v2/img_130.png,"[('circle', 'red'), ('square', 'blue'), ('square', 'green')]"
test_dataset_v2/img_131.png,"[('triangle', 'red')]"
test_dataset_v2/img_132.png,"[('circle', 'red'), ('square', 'green'), ('triangle', 'green')]"
test_dataset_v2/img_133.png,"[('square', 'green'), ('triangle', 'red')]"
test_dataset_v2/img_134.png,"[('circle', 'green'), ('triangle', 'blue'), ('triangle', 'green'), ('triangle', 'red')]"
test_dataset_v2/img_135.png,"[('circle', 'green'), ('circle', 'red'), ('square', 'green'), ('triangle', 'blue'), ('triangle', 'green')]"
test_dataset_v2/img_136.png,"[('square', 'blue'), ('triangle', 'green')]"
test_dataset_v2/img_137.png,[]
test_dataset_v2/img_138.png,[]
test_dataset_v2/img_139.png,"[('circle', 'blue'), ('square', 'blue'), ('triangle', 'blue')]"
test_dataset_v2/img_140.png,"[('triangle', 'blue'), ('triangle', 'red')]"
test_dataset_v2/img_141.png,"[('circle', 'green'), ('square', 'blue'), ('triangle', 'blue'), ('triangle', 'green')]"
test_dataset_v2/img_142.png,"[('triangle', 'blue')]"
test_dataset_v2/img_143.png,"[('circle', 'blue'), ('square', 'blue'), ('square', 'red'), ('triangle', 'blue'), ('triangle', 'green'), ('triangle', 'red')]"
test_dataset_v2/img_144.png,"[('circle', 'green'), ('circle', 'red'), ('square', 'blue'), ('square', 'red'), ('triangle', 'blue'), ('triangle', 'red')]"
test_dataset_v2/img_145.png,"[('circle', 'green'), ('circle', 'red'), ('triangle', 'green'), ('triangle', 'red')]"
test_dataset_v2/img_146.png,"[('circle', 'red')]"
test_dataset_v2/img_147.png,"[('circle', 'blue'), ('circle', 'green'), ('circle', 'red'), ('square', 'blue'), ('square', 'red'), ('triangle', 'green')]"
test_dataset_v2/img_148.png,"[('circle', 'blue'), ('circle', 'green'), ('circle', 'red'), ('square', 'blue'), ('triangle', 'green')]"
test_dataset_v2/img_149.png,"[('circle', 'red'), ('square', 'blue'), ('square', 'red'), ('triangle', 'blue'), ('triangle', 'red')]"
test_dataset_v2/img_150.png,"[('circle', 'blue'), ('square', 'blue'), ('triangle', 'red')]"
test_dataset_v2/img_151.png,"[('circle', 'green'), ('square', 'blue'), ('square', 'green')]"
test_dataset_v2/img_152.png,"[('square', 'red'), ('triangle', 'blue'), ('triangle', 'green'), ('triangle', 'red')]"
test_dataset_v2/img_153.png,"[('circle', 'green'), ('circle', 'red'), ('triangle', 'blue'), ('triangle', 'green'), ('triangle', 'red')]"
test_dataset_v2/img_154.png,"[('circle', 'red'), ('square', 'green'), ('square', 'red')]"
test_dataset_v2/img_155.png,"[('circle', 'blue'), ('circle', 'green'), ('square', 'green')]"
test_dataset_v2/img_156.png,"[('circle', 'green'), ('square', 'blue'), ('triangle', 'green')]"
test_dataset_v2/img_157.png,"[('square', 'blue'), ('square', 'green'), ('triangle', 'red')]"
test_dataset_v2/img_158.png,"[('circle', 'green'), ('circle', 'red'), ('square', 'blue'), ('square', 'red'), ('triangle', 'blue'), ('triangle', 'green')]"
test_dataset_v2/img_159.png,"[('square', 'blue'), ('square', 'green'), ('triangle', 'green')]"
test_dataset_v2/img_160.png,"[('circle', 'green'), ('square', 'green'), ('triangle', 'blue')]"
test_dataset_v2/img_161.png,"[('circle', 'blue'), ('square', 'green'), ('triangle', 'red')]"
test_dataset_v2/img_162.png,"[('square', 'green'), ('triangle', 'blue'), ('triangle', 'red')]"
test_dataset_v2/img_163.png,[]
test_dataset_v2/img_164.png,"[('circle', 'blue'), ('circle', 'green'), ('square', 'blue'), ('square', 'green')]"
test_dataset_v2/img_165.png,"[('square', 'blue'), ('square', 'green'), ('square', 'red')]"
test_dataset_v2/img_166.png,"[('circle', 'blue'), ('circle', 'green'), ('circle', 'red'), ('square', 'red'), ('triangle', 'red')]"
test_dataset_v2/img_167.png,"[('square', 'red')]"
test_dataset_v2/img_168.png,"[('circle', 'blue'), ('circle', 'green')]"
test_dataset_v2/img_169.png,"[('circle', 'blue'), ('circle', 'red'), ('triangle', 'blue'), ('triangle', 'red')]"
test_dataset_v2/img_170.png,"[('square', 'blue'), ('square', 'green'), ('triangle', 'green'), ('triangle', 'red')]"
test_dataset_v2/img_171.png,"[('circle', 'green'), ('circle', 'red'), ('square', 'blue'), ('triangle', 'red')]"
test_dataset_v2/img_172.png,"[('square', 'green')]"
test_dataset_v2/img_173.png,"[('circle', 'green'), ('circle', 'red'), ('square', 'red'), ('triangle', 'green'), ('triangle', 'red')]"
test_dataset_v2/img_174.png,"[('circle', 'blue'), ('circle', 'red'), ('square', 'blue'), ('triangle', 'green'), ('triangle', 'red')]"
test_dataset_v2/img_175.png,"[('circle', 'green'), ('circle', 'red'), ('square', 'blue'), ('triangle', 'blue'), ('triangle', 'green')]"
test_dataset_v2/img_176.png,"[('circle', 'green'), ('square', 'blue'), ('square', 'green'), ('triangle', 'green'), ('triangle', 'red')]"
test_dataset_v2/img_177.png,"[('circle', 'blue'), ('square', 'blue'), ('square', 'red'), ('triangle', 'green'), ('triangle', 'red')]"
test_dataset_v2/img_178.png,"[('triangle', 'red')]"
test_dataset_v2/img_179.png,"[('square', 'green'), ('square', 'red')]"
test_dataset_v2/img_180.png,"[('circle', 'blue'), ('circle', 'red'), ('square', 'red')]"
test_dataset_v2/img_181.png,"[('circle', 'red'), ('square', 'red'), ('triangle', 'red')]"
test_dataset_v2/img_182.png,"[('circle', 'blue'), ('square', 'blue'), ('square', 'green'), ('square', 'red'), ('triangle', 'green'), ('triangle', 'red')]"
test_dataset_v2/img_183.png,[]
test_dataset_v2/img_184.png,[]
test_dataset_v2/img_185.png,"[('circle', 'green'), ('square', 'red'), ('triangle', 'blue'), ('triangle', 'red')]"
test_dataset_v2/img_186.png,"[('circle', 'green'), ('circle', 'red'), ('square', 'green'), ('square', 'red'), ('triangle', 'blue'), ('triangle', 'red')]"
test_dataset_v2/img_187.png,"[('circle', 'green'), ('circle', 'red'), ('square', 'red'), ('triangle', 'blue'), ('triangle', 'red')]"
test_dataset_v2/img_188.png,"[('square', 'red'), ('triangle', 'blue')]"
test_dataset_v2/img_189.png,"[('triangle', 'green')]"
test_dataset_v2/img_190.png,"[('circle', 'green'), ('square', 'blue'), ('square', 'green')]"
test_dataset_v2/img_191.png,"[('circle', 'green'), ('circle', 'red'), ('triangle', 'blue')]"
test_dataset_v2/img_192.png,"[('square', 'red'), ('triangle', 'green')]"
test_dataset_v2/img_193.png,"[('circle', 'blue'), ('square', 'green'), ('square', 'red'), ('triangle', 'green'), ('triangle', 'red')]"
test_dataset_v2/img_194.png,"[('circle', 'green'), ('square', 'green'), ('triangle', 'blue'), ('triangle', 'green')]"
test_dataset_v2/img_195.png,"[('circle', 'blue'), ('square', 'green'), ('square', 'red'), ('triangle', 'blue')]"
test_dataset_v2/img_196.png,"[('circle', 'blue'), ('circle', 'green'), ('circle', 'red'), ('square', 'green')]"
test_dataset_v2/img_197.png,"[('circle', 'green'), ('circle', 'red'), ('triangle', 'blue'), ('triangle', 'green'), ('triangle', 'red')]"
test_dataset_v2/img_198.png,"[('circle', 'red'), ('square', 'red'), ('triangle', 'blue'), ('triangle', 'green'), ('triangle', 'red')]"
test_dataset_v2/img_199.png,"[('circle', 'red'), ('square', 'red'), ('triangle', 'blue')]"
test_dataset_v2/img_200.png,"[('circle', 'blue'), ('circle', 'green'), ('circle', 'red'), ('square', 'blue'), ('square', 'green')]"
test_dataset_v2/img_201.png,[]
test_dataset_v2/img_202.png,"[('circle', 'blue'), ('circle', 'green'), ('circle', 'red'), ('triangle', 'red')]"
test_dataset_v2/img_203.png,"[('square', 'green'), ('triangle', 'green')]"
test_dataset_v2/img_204.png,"[('circle', 'blue'), ('circle', 'red'), ('triangle', 'blue'), ('triangle', 'red')]"
test_dataset_v2/img_205.png,"[('circle', 'red'), ('square', 'blue')]"
test_dataset_v2/img_206.png,"[('circle', 'green'), ('triangle', 'green'), ('triangle', 'red')]"
test_dataset_v2/img_207.png,"[('square', 'green'), ('triangle', 'blue')]"
test_dataset_v2/img_208.png,"[('circle', 'green'), ('triangle', 'green')]"
test_dataset_v2/img_209.png,"[('circle', 'blue'), ('circle', 'green'), ('square', 'green'), ('triangle', 'blue'), ('triangle', 'green'), ('triangle', 'red')]"
test_dataset_v2/img_210.png,"[('square', 'blue'), ('square', 'green'), ('triangle', 'blue'), ('triangle', 'green')]"
test_dataset_v2/img_211.png,"[('circle', 'blue'), ('circle', 'green'), ('square', 'blue'), ('triangle', 'blue'), ('triangle', 'green')]"
test_dataset_v2/img_212.png,"[('square', 'green')]"
test_dataset_v2/img_213.png,"[('square', 'blue')]"
test_dataset_v2/img_214.png,"[('circle', 'blue'), ('triangle', 'green'), ('triangle', 'red')]"
test_dataset_v2/img_215.png,"[('circle', 'green'), ('circle', 'red'), ('square', 'blue'), ('triangle', 'green')]"
test_dataset_v2/img_216.png,[]
test_dataset_v2/img_217.png,"[('circle', 'blue'), ('circle', 'green'), ('triangle', 'blue')]"
test_dataset_v2/img_218.png,[]
test_dataset_v2/img_219.png,[]
test_dataset_v2/img_220.png,"[('circle', 'red'), ('triangle', 'blue'), ('triangle', 'green')]"
test_dataset_v2/img_221.png,"[('circle', 'blue'), ('square', 'blue'), ('square', 'red'), ('triangle', 'blue'), ('triangle', 'green')]"
test_dataset_v2/img_222.png,"[('circle', 'red'), ('square', 'blue'), ('square', 'green'), ('triangle', 'blue'), ('triangle', 'green')]"
test_dataset_v2/img_223.png,"[('square', 'blue')]"
test_dataset_v2/img_224.png,[]
test_dataset_v2/img_225.png,"[('circle', 'blue'), ('triangle', 'blue'), ('triangle', 'red')]"
test_dataset_v2/img_226.png,[]
test_dataset_v2/img_227.png,[]
test_dataset_v2/img_228.png,[]
test_dataset_v2/img_229.png,[]
test_dataset_v2/img_230.png,"[('circle', 'green'), ('circle', 'red'), ('square', 'green'), ('square', 'red'), ('triangle', 'red')]"
test_dataset_v2/img_231.png,"[('triangle', 'red')]"
test_dataset_v2/img_232.png,[]
test_dataset_v2/img_233.png,"[('square', 'green')]"
test_dataset_v2/img_234.png,"[('triangle', 'green')]"
test_dataset_v2/img_235.png,"[('circle', 'blue'), ('circle', 'red'), ('square', 'red'), ('triangle', 'blue'), ('triangle', 'green')]"
test_dataset_v2/img_236.png,"[('circle', 'blue'), ('square', 'red')]"
test_dataset_v2/img_237.png,"[('circle', 'green'), ('square', 'blue')]"
test_dataset_v2/img_238.png,"[('circle', 'blue'), ('circle', 'green'), ('square', 'blue'), ('triangle', 'blue')]"
test_dataset_v2/img_239.png,"[('circle', 'blue'), ('triangle', 'blue'), ('triangle', 'green')]"
test_dataset_v2/img_240.png,[]
test_dataset_v2/img_241.png,[]
test_dataset_v2/img_242.png,"[('triangle', 'blue')]"
test_dataset_v2/img_243.png,[]
test_dataset_v2/img_244.png,[]
test_dataset_v2/img_245.png,[]
test_dataset_v2/img_246.png,[]
test_dataset_v2/img_247.png,"[('circle', 'blue'), ('square', 'blue'), ('triangle', 'green'), ('triangle', 'red')]"
test_dataset_v2/img_248.png,"[('square', 'green'), ('square', 'red'), ('triangle', 'green'), ('triangle', 'red')]"
test_dataset_v2/img_249.png,"[('triangle', 'blue')]"
test_dataset_v2/img_250.png,[]
test_dataset_v2/img_251.png,"[('triangle', 'blue')]"
test_dataset_v2/img_252.png,"[('triangle', 'green')]"
test_dataset_v2/img_253.png,"[('circle', 'red'), ('square', 'green'), ('square', 'red'), ('triangle', 'green'), ('triangle', 'red')]"
test_dataset_v2/img_254.png,"[('circle', 'red'), ('square', 'blue'), ('square', 'green'), ('triangle', 'blue'), ('triangle', 'green')]"
test_dataset_v2/img_255.png,"[('circle', 'blue'), ('circle', 'red'), ('square', 'blue'), ('triangle', 'green'), ('triangle', 'red')]"
test_dataset_v2/img_256.png,"[('square', 'green'), ('triangle', 'green'), ('triangle', 'red')]"
test_dataset_v2/img_257.png,[]
test_dataset_v2/img_258.png,"[('square', 'red'), ('triangle', 'blue'), ('triangle', 'green'), ('triangle', 'red')]"
test_dataset_v2/img_259.png,"[('circle', 'red'), ('triangle', 'blue'), ('triangle', 'green')]"
test_dataset_v2/img_260.png,"[('circle', 'blue'), ('circle', 'red'), ('square', 'blue'), ('triangle', 'blue'), ('triangle', 'red')]"
test_dataset_v2/img_261.png,"[('square', 'blue')]"
test_dataset_v2/img_262.png,"[('circle', 'red'), ('square', 'blue'), ('triangle', 'blue'), ('triangle', 'green'), ('triangle', 'red')]"
test_dataset_v2/img_263.png,"[('circle', 'green'), ('circle', 'red'), ('square', 'green'), ('triangle', 'blue')]"
test_dataset_v2/img_264.png,"[('triangle', 'green')]"
test_dataset_v2/img_265.png,"[('circle', 'green'), ('circle', 'red'), ('square', 'green'), ('triangle', 'blue'), ('triangle', 'green')]"
test_dataset_v2/img_266.png,"[('circle', 'blue'), ('circle', 'green'), ('triangle', 'green'), ('triangle', 'red')]"
test_dataset_v2/img_267.png,"[('circle', 'red'), ('square', 'blue'), ('square', 'red'), ('triangle', 'blue'), ('triangle', 'red')]"
test_dataset_v2/img_268.png,"[('square', 'blue'), ('square', 'red'), ('triangle', 'blue'), ('triangle', 'green')]"
test_dataset_v2/img_269.png,[]
test_dataset_v2/img_270.png,[]
test_dataset_v2/img_271.png,"[('square', 'blue'), ('triangle', 'blue'), ('triangle', 'green')]"
test_dataset_v2/img_272.png,"[('circle', 'blue'), ('circle', 'green'), ('circle', 'red'), ('square', 'blue'), ('square', 'green'), ('square', 'red')]"
test_dataset_v2/img_273.png,"[('circle', 'blue'), ('circle', 'green'), ('square', 'red')]"
test_dataset_v2/img_274.png,"[('circle', 'blue'), ('circle', 'green'), ('square', 'blue'), ('square', 'green'), ('square', 'red')]"
test_dataset_v2/img_275.png,"[('circle', 'green'), ('square', 'red'), ('triangle', 'blue')]"
test_dataset_v2/img_276.png,"[('circle', 'red'), ('square', 'blue'), ('triangle', 'green')]"
test_dataset_v2/img_277.png,"[('circle', 'blue'), ('circle', 'red'), ('square', 'blue'), ('square', 'green'), ('square', 'red'), ('triangle', 'green')]"
test_dataset_v2/img_278.png,[]
test_dataset_v2/img_279.png,"[('circle', 'blue'), ('square', 'green'), ('triangle', 'green'), ('triangle', 'red')]"
test_dataset_v2/img_280.png,"[('circle', 'blue'), ('square', 'green'), ('square', 'red'), ('triangle', 'green')]"
test_dataset_v2/img_281.png,"[('circle', 'blue'), ('circle', 'green'), ('square', 'green'), ('triangle', 'green'), ('triangle', 'red')]"
test_dataset_v2/img_282.png,"[('triangle', 'blue'), ('triangle', 'green')]"
test_dataset_v2/img_283.png,"[('circle', 'blue'), ('circle', 'green'), ('circle', 'red'), ('triangle', 'red')]"
test_dataset_v2/img_284.png,"[('circle', 'green'), ('triangle', 'red')]"
test_dataset_v2/img_285.png,"[('circle', 'blue'), ('circle', 'red'), ('triangle', 'blue'), ('triangle', 'green')]"
test_dataset_v2/img_286.png,"[('circle', 'blue'), ('square', 'blue'), ('square', 'red')]"
test_dataset_v2/img_287.png,"[('circle', 'blue')]"
test_dataset_v2/img_288.png,"[('square', 'green'), ('triangle', 'blue'), ('triangle', 'green')]"
test_dataset_v2/img_289.png,"[('square', 'green'), ('triangle', 'green')]"
test_dataset_v2/img_290.png,"[('square', 'green')]"
test_dataset_v2/img_291.png,"[('square', 'blue'), ('square', 'red'), ('triangle', 'red')]"
test_dataset_v2/img_292.png,"[('circle', 'blue'), ('circle', 'green'), ('square', 'blue'), ('square', 'green'), ('triangle', 'blue'), ('triangle', 'green')]"
test_dataset_v2/img_293.png,"[('square', 'green'), ('triangle', 'blue'), ('triangle', 'red')]"
test_dataset_v2/img_294.png,[]
test_dataset_v2/img_295.png,[]
test_dataset_v2/img_296.png,"[('square', 'blue'), ('square', 'green')]"
test_dataset_v2/img_297.png,"[('circle', 'green'), ('circle', 'red'), ('square', 'red'), ('triangle', 'blue'), ('triangle', 'green'), ('triangle', 'red')]"
test_dataset_v2/img_298.png,"[('square', 'blue'), ('triangle', 'green')]"
test_dataset_v2/img_299.png,"[('circle', 'blue'), ('circle', 'red'), ('square', 'blue'), ('triangle', 'red')]"
test_dataset_v2/img_300.png,"[('circle', 'blue'), ('square', 'blue'), ('triangle', 'blue'), ('triangle', 'green'), ('triangle', 'red')]"
test_dataset_v2/img_301.png,"[('circle', 'red'), ('square', 'green')]"
test_dataset_v2/img_302.png,"[('triangle', 'blue'), ('triangle', 'red')]"
test_dataset_v2/img_303.png,"[('circle', 'green'), ('square', 'red'), ('triangle', 'blue'), ('triangle', 'red')]"
test_dataset_v2/img_304.png,"[('square', 'red'), ('triangle', 'blue')]"
test_dataset_v2/img_305.png,"[('circle', 'green'), ('triangle', 'red')]"
test_dataset_v2/img_306.png,"[('circle', 'red'), ('square', 'red'), ('triangle', 'green'), ('triangle', 'red')]"
test_dataset_v2/img_307.png,"[('circle', 'blue'), ('circle', 'red'), ('square', 'blue'), ('triangle', 'red')]"
test_dataset_v2/img_308.png,"[('square', 'red')]"
test_dataset_v2/img_309.png,"[('circle', 'blue'), ('square', 'green'), ('triangle', 'red')]"
test_dataset_v2/img_310.png,"[('circle', 'red'), ('triangle', 'blue'), ('triangle', 'green')]"
test_dataset_v2/img_311.png,[]
test_dataset_v2/img_312.png,[]
test_dataset_v2/img_313.png,"[('triangle', 'blue')]"
test_dataset_v2/img_314.png,"[('circle', 'blue'), ('square', 'red'), ('triangle', 'blue'), ('triangle', 'red')]"
test_dataset_v2/img_315.png,"[('circle', 'green'), ('square', 'green'), ('triangle', 'green')]"
test_dataset_v2/img_316.png,"[('circle', 'blue'), ('square', 'blue')]"
test_dataset_v2/img_317.png,"[('circle', 'red'), ('square', 'blue'), ('square', 'red'), ('triangle', 'blue'), ('triangle', 'green')]"
test_dataset_v2/img_318.png,"[('circle', 'blue'), ('square', 'red'), ('triangle', 'blue')]"
test_dataset_v2/img_319.png,"[('square', 'green')]"
test_dataset_v2/img_320.png,"[('square', 'green'), ('triangle', 'red')]"
test_dataset_v2/img_321.png,"[('circle', 'blue'), ('circle', 'green'), ('square', 'blue'), ('square', 'red'), ('triangle', 'red')]"
test_dataset_v2/img_322.png,"[('circle', 'green'), ('circle', 'red'), ('square', 'green'), ('triangle', 'green')]"
test_dataset_v2/img_323.png,"[('square', 'blue')]"
test_dataset_v2/img_324.png,"[('circle', 'green'), ('triangle', 'blue'), ('triangle', 'red')]"
test_dataset_v2/img_325.png,"[('circle', 'blue'), ('triangle', 'red')]"
test_dataset_v2/img_326.png,"[('square', 'blue')]"
test_dataset_v2/img_327.png,"[('square', 'blue'), ('square', 'green'), ('triangle', 'green')]"
test_dataset_v2/img_328.png,[]
test_dataset_v2/img_329.png,"[('square', 'blue'), ('square', 'green'), ('triangle', 'blue')]"
test_dataset_v2/img_330.png,"[('square', 'blue'), ('square', 'green')]"
test_dataset_v2/img_331.png,"[('circle', 'blue'), ('circle', 'green'), ('square', 'blue'), ('square', 'green'), ('triangle', 'green')]"
test_dataset_v2/img_332.png,"[('circle', 'blue'), ('circle', 'green'), ('square', 'red'), ('triangle', 'green'), ('triangle', 'red')]"
test_dataset_v2/img_333.png,"[('circle', 'green'), ('circle', 'red'), ('square', 'blue'), ('triangle', 'blue'), ('triangle', 'red')]"
test_dataset_v2/img_334.png,"[('circle', 'blue'), ('circle', 'red'), ('triangle', 'red')]"
test_dataset_v2/img_335.png,"[('circle', 'blue'), ('circle', 'green'), ('circle', 'red'), ('triangle', 'green'), ('triangle', 'red')]"
test_dataset_v2/img_336.png,"[('square', 'red')]"
test_dataset_v2/img_337.png,[]
test_dataset_v2/img_338.png,"[('circle', 'green'), ('square', 'red'), ('triangle', 'blue')]"
test_dataset_v2/img_339.png,"[('circle', 'blue'), ('square', 'red')]"
test_dataset_v2/img_340.png,"[('circle', 'red')]"
test_dataset_v2/img_341.png,"[('circle', 'green'), ('circle', 'red'), ('square', 'red'), ('triangle', 'blue'), ('triangle', 'green')]"
test_dataset_v2/img_342.png,"[('circle', 'red'), ('square', 'green'), ('square', 'red'), ('triangle', 'blue'), ('triangle', 'green'), ('triangle', 'red')]"
test_dataset_v2/img_343.png,"[('circle', 'blue'), ('circle', 'red'), ('triangle', 'green')]"
test_dataset_v2/img_344.png,"[('circle', 'blue'), ('circle', 'green'), ('circle', 'red'), ('square', 'blue'), ('square', 'red'), ('triangle', 'blue')]"
test_dataset_v2/img_345.png,[]
test_dataset_v2/img_346.png,"[('circle', 'blue'), ('circle', 'green'), ('square', 'blue'), ('square', 'red'), ('triangle', 'red')]"
test_dataset_v2/img_347.png,"[('circle', 'blue'), ('square', 'blue'), ('triangle', 'blue'), ('triangle', 'green')]"
test_dataset_v2/img_348.png,"[('circle', 'blue'), ('circle', 'red'), ('square', 'blue'), ('triangle', 'red')]"
test_dataset_v2/img_349.png,"[('square', 'red')]"
test_dataset_v2/img_350.png,"[('square', 'green')]"
test_dataset_v2/img_351.png,"[('circle', 'blue'), ('square', 'red'), ('triangle', 'blue')]"
test_dataset_v2/img_352.png,"[('circle', 'green'), ('square', 'blue'), ('triangle', 'blue'), ('triangle', 'green'), ('triangle', 'red')]"
test_dataset_v2/img_353.png,"[('circle', 'blue')]"
test_dataset_v2/img_354.png,"[('circle', 'green'), ('circle', 'red'), ('square', 'green'), ('square', 'red'), ('triangle', 'blue')]"
test_dataset_v2/img_355.png,"[('circle', 'red'), ('square', 'red'), ('triangle', 'blue'), ('triangle', 'red')]"
test_dataset_v2/img_356.png,[]
test_dataset_v2/img_357.png,"[('circle', 'blue'), ('circle', 'green'), ('square', 'green')]"
test_dataset_v2/img_358.png,"[('circle', 'green'), ('circle', 'red'), ('square', 'green'), ('triangle', 'blue'), ('triangle', 'green'), ('triangle', 'red')]"
test_dataset_v2/img_359.png,"[('square', 'green')]"
test_dataset_v2/img_360.png,"[('circle', 'blue'), ('circle', 'green'), ('circle', 'red'), ('square', 'blue')]"
test_dataset_v2/img_361.png,"[('circle', 'blue'), ('circle', 'green'), ('triangle', 'red')]"
test_dataset_v2/img_362.png,"[('circle', 'blue'), ('square', 'red'), ('triangle', 'blue'), ('triangle', 'red')]"
test_dataset_v2/img_363.png,[]
test_dataset_v2/img_364.png,"[('triangle', 'green')]"
test_dataset_v2/img_365.png,"[('circle', 'blue'), ('circle', 'red'), ('square', 'green'), ('square', 'red'), ('triangle', 'green'), ('triangle', 'red')]"
test_dataset_v2/img_366.png,"[('circle', 'green')]"
test_dataset_v2/img_367.png,"[('circle', 'blue'), ('circle', 'green'), ('circle', 'red'), ('square', 'red'), ('triangle', 'green')]"
test_dataset_v2/img_368.png,[]
test_dataset_v2/img_369.png,[]
test_dataset_v2/img_370.png,"[('square', 'green'), ('triangle', 'red')]"
test_dataset_v2/img_371.png,"[('circle', 'blue'), ('circle', 'green'), ('circle', 'red'), ('triangle', 'blue'), ('triangle', 'green')]"
test_dataset_v2/img_372.png,"[('square', 'red'), ('triangle', 'red')]"
test_dataset_v2/img_373.png,[]
test_dataset_v2/img_374.png,"[('square', 'green')]"
test_dataset_v2/img_375.png,"[('circle', 'blue'), ('square', 'green'), ('triangle', 'blue'), ('triangle', 'green'), ('triangle', 'red')]"
test_dataset_v2/img_376.png,"[('circle', 'blue'), ('square', 'blue'), ('triangle', 'blue'), ('triangle', 'green'), ('triangle', 'red')]"
test_dataset_v2/img_377.png,[]
test_dataset_v2/img_378.png,"[('triangle', 'green')]"
test_dataset_v2/img_379.png,"[('square', 'green')]"
test_dataset_v2/img_380.png,"[('square', 'blue'), ('square', 'red'), ('triangle', 'blue'), ('triangle', 'red')]"
test_dataset_v2/img_381.png,[]
test_dataset_v2/img_382.png,"[('circle', 'red'), ('triangle', 'blue')]"
test_dataset_v2/img_383.png,"[('circle', 'green'), ('square', 'blue'), ('triangle', 'green'), ('triangle', 'red')]"
test_dataset_v2/img_384.png,"[('circle', 'blue'), ('circle', 'red'), ('square', 'green')]"
test_dataset_v2/img_385.png,"[('circle', 'green'), ('square', 'blue'), ('square', 'green'), ('triangle', 'red')]"
test_dataset_v2/img_386.png,"[('circle', 'blue'), ('circle', 'red'), ('square', 'blue'), ('square', 'red'), ('triangle', 'blue')]"
test_dataset_v2/img_387.png,[]
test_dataset_v2/img_388.png,"[('circle', 'red')]"
test_dataset_v2/img_389.png,"[('square', 'blue'), ('square', 'red'), ('triangle', 'green')]"
test_dataset_v2/img_390.png,"[('circle', 'green'), ('square', 'green'), ('triangle', 'blue')]"
test_dataset_v2/img_391.png,"[('triangle', 'blue'), ('triangle', 'red')]"
test_dataset_v2/img_392.png,"[('circle', 'blue'), ('circle', 'green'), ('circle', 'red'), ('square', 'green'), ('triangle', 'red')]"
test_dataset_v2/img_393.png,"[('circle', 'blue'), ('circle', 'red'), ('square', 'blue'), ('triangle', 'blue'), ('triangle', 'green')]"
test_dataset_v2/img_394.png,"[('square', 'blue'), ('square', 'green'), ('triangle', 'blue'), ('triangle', 'red')]"
test_dataset_v2/img_395.png,[]
test_dataset_v2/img_396.png,"[('circle', 'blue'), ('square', 'green'), ('square', 'red'), ('triangle', 'blue'), ('triangle', 'green')]"
test_dataset_v2/img_397.png,"[('circle', 'red'), ('square', 'green'), ('square', 'red'), ('triangle', 'green')]"
test_dataset_v2/img_398.png,"[('circle', 'green'), ('square', 'red')]"
test_dataset_v2/img_399.png,"[('circle', 'blue'), ('circle', 'green'), ('square', 'blue'), ('triangle', 'blue'), ('triangle', 'green'), ('triangle', 'red')]"
test_dataset_v2/img_400.png,"[('circle', 'blue'), ('circle', 'green'), ('square', 'green'), ('triangle', 'blue'), ('triangle', 'red')]"
test_dataset_v2/img_401.png,"[('circle', 'blue'), ('circle', 'green'), ('triangle', 'red')]"
test_dataset_v2/img_402.png,[]
test_dataset_v2/img_403.png,"[('circle', 'blue'), ('circle', 'green'), ('circle', 'red'), ('triangle', 'blue'), ('triangle', 'red')]"
test_dataset_v2/img_404.png,"[('circle', 'green'), ('circle', 'red'), ('triangle', 'blue'), ('triangle', 'red')]"
test_dataset_v2/img_405.png,"[('circle', 'blue'), ('circle', 'green'), ('circle', 'red'), ('square', 'red'), ('triangle', 'green')]"
test_dataset_v2/img_406.png,"[('circle', 'green'), ('circle', 'red')]"
test_dataset_v2/img_407.png,"[('circle', 'blue'), ('circle', 'green'), ('square', 'blue'), ('square', 'red'), ('triangle', 'green'), ('triangle', 'red')]"
test_dataset_v2/img_408.png,"[('square', 'red'), ('triangle', 'blue'), ('triangle', 'green')]"
test_dataset_v2/img_409.png,"[('circle', 'red'), ('square', 'red')]"
test_dataset_v2/img_410.png,"[('circle', 'green'), ('circle', 'red'), ('square', 'green'), ('triangle', 'blue'), ('triangle', 'green')]"
test_dataset_v2/img_411.png,"[('square', 'green'), ('triangle', 'green')]"
test_dataset_v2/img_412.png,[]
test_dataset_v2/img_413.png,"[('square', 'green'), ('triangle', 'green')]"
test_dataset_v2/img_414.png,"[('triangle', 'red')]"
test_dataset_v2/img_415.png,"[('square', 'green'), ('square', 'red'), ('triangle', 'green')]"
test_dataset_v2/img_416.png,"[('square', 'blue'), ('triangle', 'blue'), ('triangle', 'green')]"
test_dataset_v2/img_417.png,"[('square', 'green'), ('square', 'red'), ('triangle', 'red')]"
test_dataset_v2/img_418.png,"[('circle', 'red'), ('triangle', 'red')]"
test_dataset_v2/img_419.png,"[('circle', 'red')]"
test_dataset_v2/img_420.png,"[('circle', 'red'), ('square', 'blue'), ('square', 'green'), ('triangle', 'red')]"
test_dataset_v2/img_421.png,"[('triangle', 'red')]"
test_dataset_v2/img_422.png,"[('circle', 'green'), ('triangle', 'blue'), ('triangle', 'red')]"
test_dataset_v2/img_423.png,[]
test_dataset_v2/img_424.png,"[('circle', 'green'), ('square', 'green'), ('triangle', 'blue'), ('triangle', 'green')]"
test_dataset_v2/img_425.png,"[('circle', 'green'), ('square', 'red'), ('triangle', 'red')]"
test_dataset_v2/img_426.png,[]
test_dataset_v2/img_427.png,"[('circle', 'blue'), ('square', 'blue'), ('triangle', 'blue')]"
test_dataset_v2/img_428.png,"[('circle', 'blue'), ('triangle', 'green')]"
test_dataset_v2/img_429.png,[]
test_dataset_v2/img_430.png,"[('circle', 'red'), ('triangle', 'blue'), ('triangle', 'green'), ('triangle', 'red')]"
test_dataset_v2/img_431.png,"[('circle', 'green'), ('square', 'blue'), ('triangle', 'blue')]"
test_dataset_v2/img_432.png,"[('circle', 'green'), ('square', 'blue')]"
test_dataset_v2/img_433.png,"[('circle', 'blue'), ('circle', 'red'), ('square', 'blue'), ('square', 'red')]"
test_dataset_v2/img_434.png,"[('circle', 'red'), ('square', 'red'), ('triangle', 'blue')]"
test_dataset_v2/img_435.png,"[('circle', 'blue'), ('circle', 'green'), ('square', 'blue'), ('square', 'red'), ('triangle', 'blue'), ('triangle', 'green')]"
test_dataset_v2/img_436.png,"[('triangle', 'green')]"
test_dataset_v2/img_437.png,"[('triangle', 'green')]"
test_dataset_v2/img_438.png,"[('circle', 'blue'), ('square', 'blue'), ('square', 'green'), ('triangle', 'blue'), ('triangle', 'red')]"
test_dataset_v2/img_439.png,"[('circle', 'blue'), ('square', 'red')]"
test_dataset_v2/img_440.png,"[('circle', 'red'), ('square', 'blue'), ('square', 'green'), ('square', 'red')]"
test_dataset_v2/img_441.png,[]
test_dataset_v2/img_442.png,"[('circle', 'red'), ('square', 'blue')]"
test_dataset_v2/img_443.png,"[('square', 'green')]"
test_dataset_v2/img_444.png,"[('circle', 'green'), ('square', 'red'), ('triangle', 'red')]"
test_dataset_v2/img_445.png,"[('circle', 'green'), ('circle', 'red'), ('square', 'blue'), ('triangle', 'blue')]"
test_dataset_v2/img_446.png,[]
test_dataset_v2/img_447.png,"[('circle', 'green'), ('circle', 'red'), ('square', 'blue'), ('square', 'red'), ('triangle', 'blue'), ('triangle', 'green')]"
test_dataset_v2/img_448.png,"[('square', 'green')]"
test_dataset_v2/img_449.png,"[('square', 'green'), ('triangle', 'blue'), ('triangle', 'green'), ('triangle', 'red')]"
test_dataset_v2/img_450.png,"[('triangle', 'green')]"
test_dataset_v2/img_451.png,[]
test_dataset_v2/img_452.png,"[('circle', 'blue'), ('circle', 'green'), ('circle', 'red')]"
test_dataset_v2/img_453.png,"[('circle', 'blue'), ('square', 'blue'), ('square', 'red'), ('triangle', 'blue'), ('triangle', 'green')]"
test_dataset_v2/img_454.png,"[('square', 'red')]"
test_dataset_v2/img_455.png,"[('circle', 'green'), ('circle', 'red'), ('square', 'blue'), ('square', 'green'), ('triangle', 'blue')]"
test_dataset_v2/img_456.png,"[('circle', 'blue'), ('circle', 'green'), ('square', 'green'), ('triangle', 'green')]"
test_dataset_v2/img_457.png,"[('circle', 'green'), ('circle', 'red'), ('triangle', 'blue'), ('triangle', 'red')]"
test_dataset_v2/img_458.png,"[('circle', 'blue'), ('square', 'blue'), ('triangle', 'blue'), ('triangle', 'green'), ('triangle', 'red')]"
test_dataset_v2/img_459.png,"[('circle', 'blue'), ('square', 'red'), ('triangle', 'blue')]"
test_dataset_v2/img_460.png,"[('circle', 'green'), ('square', 'green'), ('square', 'red'), ('triangle', 'green')]"
test_dataset_v2/img_461.png,"[('circle', 'green')]"
test_dataset_v2/img_462.png,"[('circle', 'blue'), ('square', 'blue'), ('triangle', 'blue'), ('triangle', 'green'), ('triangle', 'red')]"
test_dataset_v2/img_463.png,"[('circle', 'green'), ('square', 'blue')]"
test_dataset_v2/img_464.png,"[('circle', 'blue'), ('circle', 'green'), ('square', 'green')]"
test_dataset_v2/img_465.png,"[('circle', 'green'), ('circle', 'red'), ('triangle', 'blue')]"
test_dataset_v2/img_466.png,"[('circle', 'green')]"
test_dataset_v2/img_467.png,"[('triangle', 'blue')]"
test_dataset_v2/img_468.png,"[('circle', 'red'), ('triangle', 'blue'), ('triangle', 'green')]"
test_dataset_v2/img_469.png,"[('circle', 'red'), ('triangle', 'green'), ('triangle', 'red')]"
test_dataset_v2/img_470.png,[]
test_dataset_v2/img_471.png,"[('circle', 'red'), ('square', 'blue'), ('square', 'red'), ('triangle', 'green'), ('triangle', 'red')]"
test_dataset_v2/img_472.png,"[('square', 'green'), ('triangle', 'green')]"
test_dataset_v2/img_473.png,"[('square', 'blue'), ('triangle', 'blue'), ('triangle', 'green')]"
test_dataset_v2/img_474.png,"[('circle', 'blue'), ('circle', 'red'), ('triangle', 'blue'), ('triangle', 'green'), ('triangle', 'red')]"
test_dataset_v2/img_475.png,"[('circle', 'blue'), ('square', 'green'), ('triangle', 'red')]"
test_dataset_v2/img_476.png,"[('square', 'green'), ('square', 'red'), ('triangle', 'blue'), ('triangle', 'red')]"
test_dataset_v2/img_477.png,[]
test_dataset_v2/img_478.png,"[('circle', 'red'), ('square', 'blue'), ('square', 'red'), ('triangle', 'blue'), ('triangle', 'red')]"
test_dataset_v2/img_479.png,"[('triangle', 'blue')]"
test_dataset_v2/img_480.png,"[('circle', 'blue'), ('circle', 'red'), ('triangle', 'blue'), ('triangle', 'red')]"
test_dataset_v2/img_481.png,"[('circle', 'green'), ('circle', 'red'), ('square', 'green'), ('triangle', 'blue'), ('triangle', 'green')]"
test_dataset_v2/img_482.png,"[('circle', 'green'), ('square', 'green'), ('square', 'red'), ('triangle', 'green'), ('triangle', 'red')]"
test_dataset_v2/img_483.png,"[('circle', 'green'), ('square', 'green'), ('triangle', 'green'), ('triangle', 'red')]"
test_dataset_v2/img_484.png,"[('circle', 'green'), ('circle', 'red'), ('square', 'red')]"
test_dataset_v2/img_485.png,"[('circle', 'blue'), ('triangle', 'blue')]"
test_dataset_v2/img_486.png,"[('circle', 'blue'), ('circle', 'red'), ('square', 'green'), ('triangle', 'green'), ('triangle', 'red')]"
test_dataset_v2/img_487.png,"[('circle', 'green'), ('circle', 'red'), ('square', 'green'), ('square', 'red'), ('triangle', 'blue')]"
test_dataset_v2/img_488.png,"[('square', 'red'), ('triangle', 'red')]"
test_dataset_v2/img_489.png,"[('square', 'blue'), ('triangle', 'red')]"
test_dataset_v2/img_490.png,"[('square', 'green'), ('triangle', 'blue'), ('triangle', 'green'), ('triangle', 'red')]"
test_dataset_v2/img_491.png,"[('circle', 'blue'), ('square', 'blue'), ('square', 'green'), ('triangle', 'blue'), ('triangle', 'green')]"
test_dataset_v2/img_492.png,[]
test_dataset_v2/img_493.png,"[('circle', 'green'), ('square', 'green'), ('triangle', 'blue'), ('triangle', 'red')]"
test_dataset_v2/img_494.png,[]
test_dataset_v2/img_495.png,[]
test_dataset_v2/img_496.png,"[('triangle', 'blue')]"
test_dataset_v2/img_497.png,"[('circle', 'red'), ('square', 'green')]"
test_dataset_v2/img_498.png,"[('circle', 'red'), ('square', 'blue'), ('triangle', 'blue'), ('triangle', 'green'), ('triangle', 'red')]"
test_dataset_v2/img_499.png,"[('triangle', 'green')]"
test_dataset_v2/img_500.png,"[('square', 'green'), ('triangle', 'red')]"
test_dataset_v2/img_501.png,"[('circle', 'green'), ('square', 'blue'), ('triangle', 'green')]"
test_dataset_v2/img_502.png,"[('triangle', 'green')]"
test_dataset_v2/img_503.png,"[('square', 'red'), ('triangle', 'green')]"
test_dataset_v2/img_504.png,"[('square', 'red'), ('triangle', 'blue')]"
test_dataset_v2/img_505.png,[]
test_dataset_v2/img_506.png,"[('square', 'green')]"
test_dataset_v2/img_507.png,"[('circle', 'blue'), ('circle', 'red'), ('square', 'blue'), ('square', 'red'), ('triangle', 'blue'), ('triangle', 'red')]"
test_dataset_v2/img_508.png,"[('circle', 'red'), ('square', 'red'), ('triangle', 'blue'), ('triangle', 'red')]"
test_dataset_v2/img_509.png,[]
test_dataset_v2/img_510.png,"[('square', 'green')]"
test_dataset_v2/img_511.png,"[('circle', 'blue'), ('square', 'green'), ('triangle', 'green'), ('triangle', 'red')]"
test_dataset_v2/img_512.png,"[('circle', 'blue'), ('circle', 'green'), ('square', 'blue'), ('square', 'red'), ('triangle', 'blue'), ('triangle', 'red')]"
test_dataset_v2/img_513.png,"[('triangle', 'blue')]"
test_dataset_v2/img_514.png,"[('circle', 'blue'), ('triangle', 'blue'), ('triangle', 'red')]"
test_dataset_v2/img_515.png,[]
test_dataset_v2/img_516.png,"[('circle', 'blue'), ('circle', 'green'), ('circle', 'red'), ('square', 'green'), ('square', 'red'), ('triangle', 'green')]"
test_dataset_v2/img_517.png,"[('circle', 'red'), ('triangle', 'red')]"
test_dataset_v2/img_518.png,"[('circle', 'red'), ('square', 'blue'), ('triangle', 'blue')]"
test_dataset_v2/img_519.png,"[('square', 'green'), ('triangle', 'blue'), ('triangle', 'green')]"
test_dataset_v2/img_520.png,"[('circle', 'green'), ('square', 'blue'), ('triangle', 'blue')]"
test_dataset_v2/img_521.png,"[('circle', 'green'), ('square', 'blue'), ('triangle', 'green')]"
test_dataset_v2/img_522.png,"[('square', 'blue'), ('triangle', 'blue'), ('triangle', 'green'), ('triangle', 'red')]"
test_dataset_v2/img_523.png,[]
test_dataset_v2/img_524.png,"[('circle', 'red'), ('square', 'green'), ('square', 'red'), ('triangle', 'blue'), ('triangle', 'green')]"
test_dataset_v2/img_525.png,"[('circle', 'blue'), ('circle', 'green'), ('square', 'red'), ('triangle', 'green'), ('triangle', 'red')]"
test_dataset_v2/img_526.png,"[('circle', 'blue'), ('circle', 'green'), ('square', 'green'), ('triangle', 'red')]"
test_dataset_v2/img_527.png,"[('triangle', 'green')]"
test_dataset_v2/img_528.png,"[('circle', 'blue'), ('circle', 'green'), ('square', 'blue'), ('triangle', 'blue'), ('triangle', 'green'), ('triangle', 'red')]"
test_dataset_v2/img_529.png,"[('square', 'red'), ('triangle', 'green'), ('triangle', 'red')]"
test_dataset_v2/img_530.png,"[('square', 'green'), ('triangle', 'blue'), ('triangle', 'green'), ('triangle', 'red')]"
test_dataset_v2/img_531.png,"[('circle', 'blue'), ('square', 'green'), ('triangle', 'green')]"
test_dataset_v2/img_532.png,"[('circle', 'blue'), ('circle', 'red'), ('square', 'blue'), ('square', 'green'), ('triangle', 'blue'), ('triangle', 'green')]"
test_dataset_v2/img_533.png,"[('circle', 'green')]"
test_dataset_v2/img_534.png,"[('circle', 'blue'), ('circle', 'green'), ('square', 'green'), ('square', 'red'), ('triangle', 'blue'), ('triangle', 'red')]"
test_dataset_v2/img_535.png,"[('square', 'blue'), ('square', 'red'), ('triangle', 'green')]"
test_dataset_v2/img_536.png,"[('circle', 'green'), ('circle', 'red'), ('triangle', 'green')]"
test_dataset_v2/img_537.png,"[('circle', 'blue'), ('square', 'blue'), ('square', 'red')]"
test_dataset_v2/img_538.png,"[('circle', 'blue'), ('circle', 'green'), ('square', 'blue'), ('square', 'green'), ('triangle', 'green')]"
test_dataset_v2/img_539.png,"[('square', 'red')]"
test_dataset_v2/img_540.png,"[('triangle', 'blue'), ('triangle', 'green'), ('triangle', 'red')]"
test_dataset_v2/img_541.png,[]
test_dataset_v2/img_542.png,"[('circle', 'blue'), ('circle', 'green'), ('circle', 'red'), ('square', 'green'), ('square', 'red'), ('triangle', 'green')]"
test_dataset_v2/img_543.png,"[('circle', 'blue'), ('circle', 'red'), ('triangle', 'blue'), ('triangle', 'green'), ('triangle', 'red')]"
test_dataset_v2/img_544.png,[]
test_dataset_v2/img_545.png,"[('circle', 'blue'), ('circle', 'red'), ('square', 'green')]"
test_dataset_v2/img_546.png,"[('circle', 'green'), ('square', 'red'), ('triangle', 'blue'), ('triangle', 'red')]"
test_dataset_v2/img_547.png,[]
test_dataset_v2/img_548.png,"[('circle', 'blue'), ('circle', 'red'), ('square', 'green'), ('triangle', 'green'), ('triangle', 'red')]"
test_dataset_v2/img_549.png,"[('circle', 'green'), ('square', 'green')]"
test_dataset_v2/img_550.png,[]
test_dataset_v2/img_551.png,"[('circle', 'blue')]"
test_dataset_v2/img_552.png,"[('circle', 'blue'), ('circle', 'red'), ('square', 'blue'), ('square', 'red'), ('triangle', 'blue')]"
test_dataset_v2/img_553.png,"[('circle', 'green'), ('circle', 'red'), ('square', 'green'), ('triangle', 'green'), ('triangle', 'red')]"
test_dataset_v2/img_554.png,"[('circle', 'red'), ('square', 'green')]"
test_dataset_v2/img_555.png,[]
test_dataset_v2/img_556.png,"[('circle', 'blue'), ('circle', 'red'), ('square', 'blue'), ('square', 'green'), ('square', 'red'), ('triangle', 'blue')]"
test_dataset_v2/img_557.png,"[('circle', 'blue'), ('circle', 'green'), ('circle', 'red'), ('square', 'red')]"
test_dataset_v2/img_558.png,"[('circle', 'red'), ('triangle', 'blue'), ('triangle', 'green'), ('triangle', 'red')]"
test_dataset_v2/img_559.png,"[('triangle', 'red')]"
test_dataset_v2/img_560.png,"[('circle', 'blue'), ('circle', 'green'), ('square', 'green'), ('triangle', 'red')]"
test_dataset_v2/img_561.png,"[('square', 'blue'), ('square', 'red')]"
test_dataset_v2/img_562.png,"[('circle', 'blue'), ('triangle', 'green'), ('triangle', 'red')]"
test_dataset_v2/img_563.png,"[('circle', 'red'), ('square', 'red'), ('triangle', 'blue'), ('triangle', 'green'), ('triangle', 'red')]"
test_dataset_v2/img_564.png,"[('triangle', 'blue')]"
test_dataset_v2/img_565.png,"[('circle', 'green'), ('square', 'red'), ('triangle', 'green')]"
test_dataset_v2/img_566.png,"[('circle', 'blue'), ('circle', 'red'), ('square', 'blue'), ('square', 'green'), ('triangle', 'blue'), ('triangle', 'green')]"
test_dataset_v2/img_567.png,"[('circle', 'blue'), ('circle', 'green'), ('circle', 'red'), ('square', 'green'), ('triangle', 'green')]"
test_dataset_v2/img_568.png,[]
test_dataset_v2/img_569.png,[]
test_dataset_v2/img_570.png,"[('square', 'green'), ('triangle', 'red')]"
test_dataset_v2/img_571.png,"[('circle', 'green'), ('square', 'red'), ('triangle', 'red')]"
test_dataset_v2/img_572.png,"[('circle', 'blue'), ('circle', 'green'), ('triangle', 'blue'), ('triangle', 'red')]"
test_dataset_v2/img_573.png,"[('square', 'blue'), ('triangle', 'blue'), ('triangle', 'green'), ('triangle', 'red')]"
test_dataset_v2/img_574.png,"[('circle', 'red'), ('square', 'green')]"
test_dataset_v2/img_575.png,[]
test_dataset_v2/img_576.png,"[('circle', 'blue'), ('circle', 'red'), ('square', 'blue'), ('triangle', 'green'), ('triangle', 'red')]"
test_dataset_v2/img_577.png,"[('circle', 'red')]"
test_dataset_v2/img_578.png,"[('triangle', 'blue')]"
test_dataset_v2/img_579.png,"[('circle', 'green'), ('circle', 'red'), ('square', 'blue'), ('triangle', 'red')]"
test_dataset_v2/img_580.png,[]
test_dataset_v2/img_581.png,"[('circle', 'red'), ('triangle', 'red')]"
test_dataset_v2/img_582.png,"[('circle', 'red'), ('square', 'green'), ('triangle', 'blue'), ('triangle', 'green')]"
test_dataset_v2/img_583.png,"[('circle', 'green'), ('circle', 'red'), ('square', 'blue'), ('square', 'red'), ('triangle', 'green')]"
test_dataset_v2/img_584.png,"[('circle', 'green')]"
test_dataset_v2/img_585.png,"[('circle', 'green')]"
test_dataset_v2/img_586.png,"[('circle', 'green'), ('square', 'blue'), ('square', 'red'), ('triangle', 'blue'), ('triangle', 'green')]"
test_dataset_v2/img_587.png,"[('circle', 'green'), ('square', 'green'), ('square', 'red'), ('triangle', 'blue'), ('triangle', 'red')]"
test_dataset_v2/img_588.png,"[('circle', 'red'), ('square', 'green'), ('square', 'red'), ('triangle', 'red')]"
test_dataset_v2/img_589.png,[]
test_dataset_v2/img_590.png,"[('circle', 'blue')]"
test_dataset_v2/img_591.png,"[('circle', 'red'), ('square', 'green'), ('triangle', 'green')]"
test_dataset_v2/img_592.png,"[('circle', 'green'), ('square', 'blue'), ('square', 'red'), ('triangle', 'blue'), ('triangle', 'green')]"
test_dataset_v2/img_593.png,"[('square', 'green'), ('triangle', 'blue'), ('triangle', 'green')]"
test_dataset_v2/img_594.png,"[('triangle', 'blue'), ('triangle', 'green'), ('triangle', 'red')]"
test_dataset_v2/img_595.png,"[('circle', 'blue'), ('square', 'green'), ('triangle', 'red')]"
test_dataset_v2/img_596.png,"[('circle', 'red')]"
test_dataset_v2/img_597.png,[]
test_dataset_v2/img_598.png,"[('circle', 'blue'), ('square', 'blue')]"
test_dataset_v2/img_599.png,[]
test_dataset_v2/img_600.png,"[('circle', 'red'), ('triangle', 'blue'), ('triangle', 'green')]"
test_dataset_v2/img_601.png,"[('circle', 'blue'), ('circle', 'red'), ('triangle', 'blue'), ('triangle', 'green')]"
test_dataset_v2/img_602.png,"[('circle', 'green'), ('circle', 'red'), ('square', 'red'), ('triangle', 'blue'), ('triangle', 'green'), ('triangle', 'red')]"
test_dataset_v2/img_603.png,"[('circle', 'green')]"
test_dataset_v2/img_604.png,"[('circle', 'green'), ('square', 'blue'), ('square', 'green')]"
test_dataset_v2/img_605.png,"[('circle', 'green'), ('triangle', 'green')]"
test_dataset_v2/img_606.png,"[('square', 'blue'), ('square', 'green'), ('triangle', 'green')]"
test_dataset_v2/img_607.png,"[('circle', 'blue'), ('circle', 'red'), ('triangle', 'blue'), ('triangle', 'green'), ('triangle', 'red')]"
test_dataset_v2/img_608.png,"[('circle', 'blue'), ('circle', 'green'), ('square', 'red'), ('triangle', 'red')]"
test_dataset_v2/img_609.png,"[('square', 'red'), ('triangle', 'red')]"
test_dataset_v2/img_610.png,"[('circle', 'green'), ('circle', 'red'), ('square', 'red'), ('triangle', 'blue'), ('triangle', 'green')]"
test_dataset_v2/img_611.png,"[('square', 'blue')]"
test_dataset_v2/img_612.png,"[('circle', 'blue'), ('circle', 'green')]"
test_dataset_v2/img_613.png,"[('circle', 'green'), ('circle', 'red'), ('square', 'red'), ('triangle', 'blue')]"
test_dataset_v2/img_614.png,"[('circle', 'blue'), ('square', 'blue')]"
test_dataset_v2/img_615.png,"[('circle', 'green'), ('circle', 'red'), ('square', 'green'), ('triangle', 'blue')]"
test_dataset_v2/img_616.png,"[('triangle', 'blue')]"
test_dataset_v2/img_617.png,"[('square', 'green'), ('square', 'red'), ('triangle', 'blue'), ('triangle', 'green'), ('triangle', 'red')]"
test_dataset_v2/img_618.png,[]
test_dataset_v2/img_619.png,"[('circle', 'blue'), ('circle', 'green'), ('square', 'blue'), ('triangle', 'blue')]"
test_dataset_v2/img_620.png,"[('square', 'blue'), ('square', 'green')]"
test_dataset_v2/img_621.png,"[('circle', 'blue'), ('square', 'green'), ('square', 'red'), ('triangle', 'blue'), ('triangle', 'green')]"
test_dataset_v2/img_622.png,"[('circle', 'green'), ('circle', 'red'), ('square', 'green'), ('triangle', 'green')]"
test_dataset_v2/img_623.png,"[('circle', 'green'), ('circle', 'red'), ('square', 'green'), ('triangle', 'blue'), ('triangle', 'green')]"
test_dataset_v2/img_624.png,[]
test_dataset_v2/img_625.png,"[('circle', 'green'), ('circle', 'red'), ('square', 'green'), ('triangle', 'blue'), ('triangle', 'green')]"
test_dataset_v2/img_626.png,"[('square', 'blue'), ('triangle', 'green'), ('triangle', 'red')]"
test_dataset_v2/img_627.png,"[('square', 'blue')]"
test_dataset_v2/img_628.png,"[('circle', 'blue'), ('triangle', 'blue')]"
test_dataset_v2/img_629.png,[]
test_dataset_v2/img_630.png,"[('square', 'green'), ('triangle', 'blue')]"
test_dataset_v2/img_631.png,"[('circle', 'red')]"
test_dataset_v2/img_632.png,"[('circle', 'red'), ('square', 'green'), ('triangle', 'blue'), ('triangle', 'green'), ('triangle', 'red')]"
test_dataset_v2/img_633.png,"[('circle', 'blue'), ('circle', 'green'), ('square', 'blue'), ('square', 'red'), ('triangle', 'green'), ('triangle', 'red')]"
test_dataset_v2/img_634.png,"[('square', 'blue'), ('triangle', 'blue'), ('triangle', 'green')]"
test_dataset_v2/img_635.png,"[('circle', 'blue'), ('square', 'red')]"
test_dataset_v2/img_636.png,"[('triangle', 'blue'), ('triangle', 'red')]"
test_dataset_v2/img_637.png,"[('circle', 'green'), ('circle', 'red'), ('triangle', 'green')]"
test_dataset_v2/img_638.png,"[('triangle', 'blue')]"
test_dataset_v2/img_639.png,"[('circle', 'blue'), ('circle', 'red'), ('square', 'red'), ('triangle', 'blue')]"
test_dataset_v2/img_640.png,"[('square', 'red'), ('triangle', 'red')]"
test_dataset_v2/img_641.png,"[('circle', 'blue'), ('triangle', 'blue'), ('triangle', 'green')]"
test_dataset_v2/img_642.png,[]
test_dataset_v2/img_643.png,"[('circle', 'blue'), ('square', 'blue'), ('square', 'green'), ('triangle', 'blue'), ('triangle', 'green'), ('triangle', 'red')]"
test_dataset_v2/img_644.png,"[('circle', 'green'), ('square', 'green'), ('triangle', 'blue'), ('triangle', 'green'), ('triangle', 'red')]"
test_dataset_v2/img_645.png,"[('circle', 'blue'), ('circle', 'green'), ('square', 'green'), ('square', 'red'), ('triangle', 'green'), ('triangle', 'red')]"
test_dataset_v2/img_646.png,"[('circle', 'blue'), ('square', 'blue'), ('triangle', 'red')]"
test_dataset_v2/img_647.png,"[('circle', 'blue'), ('circle', 'red'), ('square', 'green'), ('triangle', 'blue')]"
test_dataset_v2/img_648.png,"[('circle', 'blue'), ('circle', 'red'), ('square', 'red'), ('triangle', 'red')]"
test_dataset_v2/img_649.png,"[('circle', 'blue'), ('square', 'green'), ('triangle', 'blue'), ('triangle', 'red')]"
test_dataset_v2/img_650.png,"[('circle', 'red'), ('square', 'blue'), ('square', 'green'), ('square', 'red'), ('triangle', 'blue'), ('triangle', 'red')]"
test_dataset_v2/img_651.png,"[('circle', 'blue'), ('circle', 'red'), ('square', 'green'), ('triangle', 'blue')]"
test_dataset_v2/img_652.png,"[('circle', 'red'), ('square', 'blue'), ('triangle', 'blue')]"
test_dataset_v2/img_653.png,"[('circle', 'green'), ('square', 'green'), ('square', 'red'), ('triangle', 'blue'), ('triangle', 'green'), ('triangle', 'red')]"
test_dataset_v2/img_654.png,"[('circle', 'blue'), ('circle', 'green'), ('square', 'blue'), ('triangle', 'blue')]"
test_dataset_v2/img_655.png,"[('circle', 'green'), ('triangle', 'blue')]"
test_dataset_v2/img_656.png,"[('circle', 'green'), ('square', 'green'), ('triangle', 'red')]"
test_dataset_v2/img_657.png,"[('circle', 'red'), ('square', 'blue'), ('triangle', 'blue'), ('triangle', 'green')]"
test_dataset_v2/img_658.png,"[('circle', 'green'), ('circle', 'red'), ('square', 'blue'), ('triangle', 'green'), ('triangle', 'red')]"
test_dataset_v2/img_659.png,"[('triangle', 'blue')]"
test_dataset_v2/img_660.png,"[('circle', 'red'), ('square', 'green'), ('triangle', 'green')]"
test_dataset_v2/img_661.png,"[('square', 'green'), ('triangle', 'red')]"
test_dataset_v2/img_662.png,"[('circle', 'red'), ('triangle', 'green')]"
test_dataset_v2/img_663.png,"[('circle', 'green'), ('square', 'red'), ('triangle', 'green')]"
test_dataset_v2/img_664.png,"[('circle', 'blue'), ('square', 'red')]"
test_dataset_v2/img_665.png,"[('triangle', 'green'), ('triangle', 'red')]"
test_dataset_v2/img_666.png,[]
test_dataset_v2/img_667.png,[]
test_dataset_v2/img_668.png,"[('triangle', 'green')]"
test_dataset_v2/img_669.png,"[('square', 'blue'), ('square', 'green'), ('triangle', 'blue'), ('triangle', 'red')]"
test_dataset_v2/img_670.png,"[('circle', 'blue'), ('circle', 'green'), ('circle', 'red'), ('square', 'green'), ('triangle', 'green')]"
test_dataset_v2/img_671.png,"[('circle', 'green'), ('square', 'green'), ('square', 'red')]"
test_dataset_v2/img_672.png,[]
test_dataset_v2/img_673.png,[]
test_dataset_v2/img_674.png,"[('circle', 'red'), ('square', 'blue'), ('square', 'green'), ('triangle', 'green'), ('triangle', 'red')]"
test_dataset_v2/img_675.png,"[('square', 'blue'), ('square', 'green'), ('triangle', 'blue')]"
test_dataset_v2/img_676.png,"[('circle', 'blue'), ('square', 'blue'), ('square', 'green'), ('triangle', 'blue'), ('triangle', 'green')]"
test_dataset_v2/img_677.png,"[('square', 'blue'), ('square', 'green'), ('triangle', 'blue')]"
test_dataset_v2/img_678.png,"[('circle', 'green'), ('square', 'blue'), ('square', 'green'), ('square', 'red'), ('triangle', 'red')]"
test_dataset_v2/img_679.png,"[('circle', 'blue'), ('circle', 'red'), ('triangle', 'green')]"
test_dataset_v2/img_680.png,"[('circle', 'green'), ('square', 'green'), ('square', 'red'), ('triangle', 'blue'), ('triangle', 'green')]"
test_dataset_v2/img_681.png,"[('circle', 'green'), ('circle', 'red'), ('square', 'blue'), ('square', 'green'), ('triangle', 'blue')]"
test_dataset_v2/img_682.png,"[('circle', 'green'), ('square', 'green'), ('triangle', 'blue')]"
test_dataset_v2/img_683.png,"[('circle', 'green'), ('square', 'green')]"
test_dataset_v2/img_684.png,"[('circle', 'blue'), ('circle', 'green'), ('square', 'red'), ('triangle', 'blue'), ('triangle', 'green')]"
test_dataset_v2/img_685.png,"[('square', 'green'), ('triangle', 'red')]"
test_dataset_v2/img_686.png,"[('square', 'green')]"
test_dataset_v2/img_687.png,[]
test_dataset_v2/img_688.png,"[('circle', 'green'), ('square', 'red'), ('triangle', 'red')]"
test_dataset_v2/img_689.png,"[('circle', 'blue'), ('circle', 'green'), ('square', 'blue'), ('triangle', 'blue')]"
test_dataset_v2/img_690.png,"[('square', 'red'), ('triangle', 'green')]"
test_dataset_v2/img_691.png,"[('circle', 'blue'), ('square', 'green'), ('triangle', 'red')]"
test_dataset_v2/img_692.png,"[('circle', 'red'), ('square', 'blue'), ('triangle', 'blue'), ('triangle', 'green')]"
test_dataset_v2/img_693.png,"[('circle', 'red'), ('square', 'blue'), ('square', 'green')]"
test_dataset_v2/img_694.png,"[('circle', 'blue'), ('circle', 'red')]"
test_dataset_v2/img_695.png,"[('circle', 'green'), ('circle', 'red'), ('square', 'green'), ('triangle', 'blue'), ('triangle', 'green')]"
test_dataset_v2/img_696.png,[]
test_dataset_v2/img_697.png,"[('circle', 'green'), ('triangle', 'blue'), ('triangle', 'green'), ('triangle', 'red')]"
test_dataset_v2/img_698.png,"[('circle', 'blue'), ('square', 'blue'), ('square', 'red'), ('triangle', 'green')]"
test_dataset_v2/img_699.png,"[('circle', 'green'), ('circle', 'red'), ('square', 'red'), ('triangle', 'blue')]"
test_dataset_v2/img_700.png,"[('circle', 'red'), ('square', 'green'), ('square', 'red'), ('triangle', 'blue'), ('triangle', 'green')]"
test_dataset_v2/img_701.png,"[('circle', 'red'), ('triangle', 'red')]"
test_dataset_v2/img_702.png,"[('square', 'blue'), ('square', 'green')]"
test_dataset_v2/img_703.png,"[('square', 'green'), ('triangle', 'blue'), ('triangle', 'red')]"
test_dataset_v2/img_704.png,[]
test_dataset_v2/img_705.png,"[('circle', 'red'), ('triangle', 'green')]"
test_dataset_v2/img_706.png,"[('circle', 'blue'), ('circle', 'green'), ('triangle', 'blue'), ('triangle', 'green'), ('triangle', 'red')]"
test_dataset_v2/img_707.png,"[('square', 'green')]"
test_dataset_v2/img_708.png,"[('triangle', 'red')]"
test_dataset_v2/img_709.png,"[('circle', 'green'), ('circle', 'red'), ('triangle', 'blue'), ('triangle', 'green')]"
test_dataset_v2/img_710.png,"[('circle', 'green'), ('square', 'green'), ('square', 'red'), ('triangle', 'blue'), ('triangle', 'green')]"
test_dataset_v2/img_711.png,"[('square', 'blue'), ('triangle', 'green')]"
test_dataset_v2/img_712.png,"[('circle', 'blue'), ('circle', 'green'), ('square', 'blue'), ('triangle', 'blue'), ('triangle', 'red')]"
test_dataset_v2/img_713.png,"[('circle', 'red'), ('square', 'green'), ('triangle', 'blue'), ('triangle', 'red')]"
test_dataset_v2/img_714.png,"[('circle', 'green'), ('square', 'blue'), ('square', 'green'), ('square', 'red'), ('triangle', 'green')]"
test_dataset_v2/img_715.png,"[('triangle', 'blue')]"
test_dataset_v2/img_716.png,"[('circle', 'green'), ('circle', 'red'), ('square', 'blue'), ('square', 'green'), ('triangle', 'blue'), ('triangle', 'red')]"
test_dataset_v2/img_717.png,"[('triangle', 'blue')]"
test_dataset_v2/img_718.png,"[('circle', 'green'), ('circle', 'red'), ('square', 'blue'), ('square', 'red'), ('triangle', 'blue'), ('triangle', 'red')]"
test_dataset_v2/img_719.png,"[('circle', 'green'), ('square', 'red'), ('triangle', 'blue'), ('triangle', 'green')]"
test_dataset_v2/img_720.png,"[('circle', 'green'), ('square', 'green'), ('triangle', 'blue')]"
test_dataset_v2/img_721.png,[]
test_dataset_v2/img_722.png,"[('circle', 'green'), ('circle', 'red'), ('triangle', 'red')]"
test_dataset_v2/img_723.png,[]
test_dataset_v2/img_724.png,[]
test_dataset_v2/img_725.png,"[('triangle', 'blue')]"
test_dataset_v2/img_726.png,"[('circle', 'blue'), ('square', 'red'), ('triangle', 'red')]"
test_dataset_v2/img_727.png,"[('circle', 'blue'), ('square', 'green'), ('triangle', 'green')]"
test_dataset_v2/img_728.png,"[('circle', 'red'), ('triangle', 'blue')]"
test_dataset_v2/img_729.png,[]
test_dataset_v2/img_730.png,"[('circle', 'red'), ('triangle', 'red')]"
test_dataset_v2/img_731.png,"[('circle', 'green'), ('circle', 'red')]"
test_dataset_v2/img_732.png,"[('circle', 'green'), ('square', 'green'), ('triangle', 'blue'), ('triangle', 'green'), ('triangle', 'red')]"
test_dataset_v2/img_733.png,"[('circle', 'blue'), ('square', 'green')]"
test_dataset_v2/img_734.png,"[('circle', 'green'), ('triangle', 'blue'), ('triangle', 'green'), ('triangle', 'red')]"
test_dataset_v2/img_735.png,"[('square', 'blue'), ('triangle', 'blue')]"
test_dataset_v2/img_736.png,"[('circle', 'red')]"
test_dataset_v2/img_737.png,"[('circle', 'red'), ('triangle', 'blue'), ('triangle', 'red')]"
test_dataset_v2/img_738.png,[]
test_dataset_v2/img_739.png,[]
test_dataset_v2/img_740.png,"[('circle', 'blue'), ('square', 'blue'), ('triangle', 'blue')]"
test_dataset_v2/img_741.png,"[('square', 'blue'), ('square', 'green'), ('triangle', 'blue')]"
test_dataset_v2/img_742.png,"[('square', 'red'), ('triangle', 'green'), ('triangle', 'red')]"
test_dataset_v2/img_743.png,"[('circle', 'green'), ('square', 'green'), ('triangle', 'green')]"
test_dataset_v2/img_744.png,"[('square', 'green'), ('square', 'red'), ('triangle', 'blue')]"
test_dataset_v2/img_745.png,"[('square', 'blue'), ('square', 'red'), ('triangle', 'blue')]"
test_dataset_v2/img_746.png,"[('triangle', 'green'), ('triangle', 'red')]"
test_dataset_v2/img_747.png,"[('square', 'red')]"
test_dataset_v2/img_748.png,"[('circle', 'blue'), ('square', 'blue'), ('square', 'red'), ('triangle', 'blue'), ('triangle', 'green'), ('triangle', 'red')]"
test_dataset_v2/img_749.png,"[('circle', 'red'), ('square', 'red')]"
test_dataset_v2/img_750.png,"[('circle', 'red'), ('triangle', 'green')]"
test_dataset_v2/img_751.png,"[('circle', 'blue'), ('circle', 'green'), ('circle', 'red'), ('triangle', 'blue'), ('triangle', 'green'), ('triangle', 'red')]"
test_dataset_v2/img_752.png,"[('circle', 'green'), ('triangle', 'blue'), ('triangle', 'green'), ('triangle', 'red')]"
test_dataset_v2/img_753.png,"[('square', 'blue'), ('square', 'green'), ('square', 'red'), ('triangle', 'green'), ('triangle', 'red')]"
test_dataset_v2/img_754.png,"[('square', 'green'), ('triangle', 'blue')]"
test_dataset_v2/img_755.png,[]
test_dataset_v2/img_756.png,"[('circle', 'red'), ('square', 'green'), ('square', 'red'), ('triangle', 'blue'), ('triangle', 'green'), ('triangle', 'red')]"
test_dataset_v2/img_757.png,[]
test_dataset_v2/img_758.png,"[('circle', 'blue'), ('square', 'red'), ('triangle', 'blue')]"
test_dataset_v2/img_759.png,"[('triangle', 'red')]"
test_dataset_v2/img_760.png,"[('triangle', 'green')]"
test_dataset_v2/img_761.png,"[('circle', 'red'), ('square', 'blue'), ('square', 'green'), ('triangle', 'red')]"
test_dataset_v2/img_762.png,"[('circle', 'red'), ('square', 'blue'), ('square', 'green'), ('triangle', 'blue'), ('triangle', 'green')]"
test_dataset_v2/img_763.png,[]
test_dataset_v2/img_764.png,"[('circle', 'blue'), ('circle', 'red'), ('square', 'blue'), ('square', 'green'), ('triangle', 'green')]"
test_dataset_v2/img_765.png,"[('circle', 'red'), ('triangle', 'red')]"
test_dataset_v2/img_766.png,"[('square', 'green'), ('triangle', 'blue')]"
test_dataset_v2/img_767.png,"[('circle', 'green'), ('circle', 'red'), ('square', 'green'), ('triangle', 'blue'), ('triangle', 'green')]"
test_dataset_v2/img_768.png,"[('square', 'green'), ('square', 'red'), ('triangle', 'green'), ('triangle', 'red')]"
test_dataset_v2/img_769.png,[]
test_dataset_v2/img_770.png,"[('circle', 'green'), ('square', 'blue'), ('triangle', 'green')]"
test_dataset_v2/img_771.png,[]
test_dataset_v2/img_772.png,"[('square', 'green')]"
test_dataset_v2/img_773.png,"[('circle', 'green'), ('circle', 'red'), ('square', 'green'), ('square', 'red'), ('triangle', 'blue'), ('triangle', 'red')]"
test_dataset_v2/img_774.png,"[('circle', 'red'), ('square', 'blue')]"
test_dataset_v2/img_775.png,"[('square', 'blue')]"
test_dataset_v2/img_776.png,"[('square', 'green')]"
test_dataset_v2/img_777.png,"[('square', 'blue')]"
test_dataset_v2/img_778.png,"[('square', 'blue'), ('square', 'red')]"
test_dataset_v2/img_779.png,"[('circle', 'green'), ('square', 'blue'), ('square', 'red'), ('triangle', 'blue'), ('triangle', 'red')]"
test_dataset_v2/img_780.png,"[('circle', 'green'), ('circle', 'red'), ('square', 'red'), ('triangle', 'blue'), ('triangle', 'green'), ('triangle', 'red')]"
test_dataset_v2/img_781.png,"[('circle', 'green'), ('square', 'green'), ('square', 'red'), ('triangle', 'green')]"
test_dataset_v2/img_782.png,"[('square', 'green'), ('triangle', 'red')]"
test_dataset_v2/img_783.png,"[('triangle', 'blue')]"
test_dataset_v2/img_784.png,"[('circle', 'green'), ('square', 'blue'), ('square', 'green'), ('triangle', 'red')]"
test_dataset_v2/img_785.png,"[('circle', 'blue'), ('square', 'green'), ('triangle', 'blue')]"
test_dataset_v2/img_786.png,"[('circle', 'green'), ('square', 'green'), ('triangle', 'red')]"
test_dataset_v2/img_787.png,"[('circle', 'red'), ('square', 'blue'), ('square', 'red'), ('triangle', 'green'), ('triangle', 'red')]"
test_dataset_v2/img_788.png,"[('circle', 'blue'), ('circle', 'green'), ('triangle', 'blue'), ('triangle', 'green'), ('triangle', 'red')]"
test_dataset_v2/img_789.png,"[('circle', 'blue'), ('circle', 'green'), ('square', 'red'), ('triangle', 'blue')]"
test_dataset_v2/img_790.png,"[('circle', 'red')]"
test_dataset_v2/img_791.png,"[('circle', 'blue'), ('circle', 'green')]"
test_dataset_v2/img_792.png,[]
test_dataset_v2/img_793.png,"[('circle', 'red'), ('triangle', 'blue'), ('triangle', 'red')]"
test_dataset_v2/img_794.png,"[('circle', 'green'), ('circle', 'red'), ('square', 'blue'), ('square', 'green'), ('triangle', 'blue'), ('triangle', 'green')]"
test_dataset_v2/img_795.png,[]
test_dataset_v2/img_796.png,"[('circle', 'blue'), ('circle', 'green'), ('square', 'blue'), ('square', 'green'), ('triangle', 'blue')]"
test_dataset_v2/img_797.png,"[('square', 'green'), ('triangle', 'green')]"
test_dataset_v2/img_798.png,"[('circle', 'blue'), ('circle', 'red'), ('triangle', 'green'), ('triangle', 'red')]"
test_dataset_v2/img_799.png,[]
test_dataset_v2/img_800.png,"[('square', 'blue'), ('triangle', 'blue')]"
test_dataset_v2/img_801.png,"[('circle', 'blue'), ('square', 'green'), ('triangle', 'green'), ('triangle', 'red')]"
test_dataset_v2/img_802.png,"[('triangle', 'green')]"
test_dataset_v2/img_803.png,"[('square', 'green'), ('triangle', 'blue')]"
test_dataset_v2/img_804.png,[]
test_dataset_v2/img_805.png,"[('square', 'green'), ('triangle', 'blue'), ('triangle', 'green'), ('triangle', 'red')]"
test_dataset_v2/img_806.png,"[('circle', 'blue'), ('triangle', 'green')]"
test_dataset_v2/img_807.png,[]
test_dataset_v2/img_808.png,"[('triangle', 'blue')]"
test_dataset_v2/img_809.png,"[('circle', 'blue'), ('square', 'blue'), ('square', 'green'), ('triangle', 'blue')]"
test_dataset_v2/img_810.png,"[('square', 'green'), ('triangle', 'green')]"
test_dataset_v2/img_811.png,"[('circle', 'blue'), ('triangle', 'blue')]"
test_dataset_v2/img_812.png,"[('circle', 'green'), ('circle', 'red'), ('square', 'blue'), ('square', 'green')]"
test_dataset_v2/img_813.png,"[('circle', 'green'), ('circle', 'red'), ('square', 'blue'), ('square', 'red'), ('triangle', 'green'), ('triangle', 'red')]"
test_dataset_v2/img_814.png,[]
test_dataset_v2/img_815.png,"[('circle', 'blue'), ('square', 'green'), ('triangle', 'blue'), ('triangle', 'green')]"
test_dataset_v2/img_816.png,"[('circle', 'blue'), ('circle', 'red'), ('square', 'blue'), ('square', 'green'), ('triangle', 'red')]"
test_dataset_v2/img_817.png,"[('circle', 'blue'), ('circle', 'green'), ('circle', 'red'), ('triangle', 'green'), ('triangle', 'red')]"
test_dataset_v2/img_818.png,[]
test_dataset_v2/img_819.png,"[('circle', 'green'), ('square', 'green')]"
test_dataset_v2/img_820.png,"[('circle', 'red'), ('square', 'blue'), ('triangle', 'blue'), ('triangle', 'red')]"
test_dataset_v2/img_821.png,"[('circle', 'green'), ('circle', 'red'), ('square', 'green'), ('triangle', 'blue'), ('triangle', 'red')]"
test_dataset_v2/img_822.png,[]
test_dataset_v2/img_823.png,"[('circle', 'green'), ('triangle', 'blue'), ('triangle', 'green'), ('triangle', 'red')]"
test_dataset_v2/img_824.png,[]
test_dataset_v2/img_825.png,[]
test_dataset_v2/img_826.png,"[('circle', 'blue'), ('square', 'red'), ('triangle', 'blue'), ('triangle', 'red')]"
test_dataset_v2/img_827.png,"[('circle', 'blue'), ('circle', 'green'), ('triangle', 'blue'), ('triangle', 'green'), ('triangle', 'red')]"
test_dataset_v2/img_828.png,"[('square', 'green')]"
test_dataset_v2/img_829.png,"[('circle', 'green'), ('triangle', 'green')]"
test_dataset_v2/img_830.png,[]
test_dataset_v2/img_831.png,"[('circle', 'blue'), ('circle', 'red'), ('square', 'blue')]"
test_dataset_v2/img_832.png,"[('circle', 'green'), ('circle', 'red'), ('square', 'blue'), ('triangle', 'blue'), ('triangle', 'green'), ('triangle', 'red')]"
test_dataset_v2/img_833.png,"[('circle', 'blue'), ('circle', 'green'), ('square', 'blue'), ('square', 'green'), ('square', 'red'), ('triangle', 'green')]"
test_dataset_v2/img_834.png,[]
test_dataset_v2/img_835.png,"[('circle', 'blue'), ('circle', 'red'), ('triangle', 'green'), ('triangle', 'red')]"
test_dataset_v2/img_836.png,"[('circle', 'blue'), ('circle', 'green'), ('square', 'blue'), ('triangle', 'blue')]"
test_dataset_v2/img_837.png,"[('circle', 'green'), ('square', 'blue'), ('square', 'red'), ('triangle', 'green')]"
test_dataset_v2/img_838.png,"[('square', 'green'), ('square', 'red'), ('triangle', 'blue'), ('triangle', 'red')]"
test_dataset_v2/img_839.png,"[('circle', 'green'), ('circle', 'red'), ('square', 'blue'), ('triangle', 'green')]"
test_dataset_v2/img_840.png,"[('square', 'blue')]"
test_dataset_v2/img_841.png,[]
test_dataset_v2/img_842.png,"[('square', 'red'), ('triangle', 'red')]"
test_dataset_v2/img_843.png,"[('circle', 'blue'), ('circle', 'green'), ('circle', 'red'), ('square', 'green'), ('triangle', 'green')]"
test_dataset_v2/img_844.png,"[('square', 'green'), ('square', 'red')]"
test_dataset_v2/img_845.png,"[('circle', 'green')]"
test_dataset_v2/img_846.png,"[('circle', 'blue'), ('circle', 'green'), ('circle', 'red'), ('triangle', 'blue'), ('triangle', 'red')]"
test_dataset_v2/img_847.png,"[('circle', 'green'), ('circle', 'red'), ('square', 'green'), ('triangle', 'red')]"
test_dataset_v2/img_848.png,"[('square', 'green'), ('triangle', 'green')]"
test_dataset_v2/img_849.png,"[('circle', 'green'), ('circle', 'red'), ('square', 'red'), ('triangle', 'blue'), ('triangle', 'green')]"
test_dataset_v2/img_850.png,"[('square', 'blue')]"
test_dataset_v2/img_851.png,"[('circle', 'green'), ('square', 'green'), ('triangle', 'blue')]"
test_dataset_v2/img_852.png,"[('circle', 'blue'), ('square', 'blue'), ('triangle', 'blue')]"
test_dataset_v2/img_853.png,"[('circle', 'green'), ('circle', 'red'), ('triangle', 'blue'), ('triangle', 'green'), ('triangle', 'red')]"
test_dataset_v2/img_854.png,[]
test_dataset_v2/img_855.png,"[('circle', 'blue'), ('circle', 'green'), ('square', 'blue'), ('triangle', 'blue'), ('triangle', 'green')]"
test_dataset_v2/img_856.png,[]
test_dataset_v2/img_857.png,[]
test_dataset_v2/img_858.png,[]
test_dataset_v2/img_859.png,"[('circle', 'green'), ('circle', 'red'), ('square', 'blue'), ('square', 'green'), ('triangle', 'red')]"
test_dataset_v2/img_860.png,[]
test_dataset_v2/img_861.png,"[('circle', 'blue'), ('circle', 'green'), ('square', 'green'), ('triangle', 'green'), ('triangle', 'red')]"
test_dataset_v2/img_862.png,"[('circle', 'blue'), ('circle', 'green'), ('triangle', 'green'), ('triangle', 'red')]"
test_dataset_v2/img_863.png,[]
test_dataset_v2/img_864.png,"[('circle', 'blue'), ('square', 'green'), ('triangle', 'blue'), ('triangle', 'red')]"
test_dataset_v2/img_865.png,"[('circle', 'blue'), ('square', 'green')]"
test_dataset_v2/img_866.png,[]
test_dataset_v2/img_867.png,"[('circle', 'blue'), ('circle', 'green'), ('circle', 'red'), ('square', 'red')]"
test_dataset_v2/img_868.png,"[('square', 'blue'), ('square', 'green'), ('triangle', 'blue'), ('triangle', 'green'), ('triangle', 'red')]"
test_dataset_v2/img_869.png,"[('circle', 'blue')]"
test_dataset_v2/img_870.png,[]
test_dataset_v2/img_871.png,[]
test_dataset_v2/img_872.png,"[('circle', 'red')]"
test_dataset_v2/img_873.png,[]
test_dataset_v2/img_874.png,"[('circle', 'green'), ('circle', 'red')]"
test_dataset_v2/img_875.png,"[('square', 'blue')]"
test_dataset_v2/img_876.png,"[('square', 'red'), ('triangle', 'green')]"
test_dataset_v2/img_877.png,"[('circle', 'green'), ('square', 'green'), ('square', 'red'), ('triangle', 'blue'), ('triangle', 'green'), ('triangle', 'red')]"
test_dataset_v2/img_878.png,[]
test_dataset_v2/img_879.png,[]
test_dataset_v2/img_880.png,"[('circle', 'blue'), ('square', 'blue'), ('square', 'green'), ('triangle', 'blue'), ('triangle', 'red')]"
test_dataset_v2/img_881.png,"[('circle', 'red'), ('square', 'blue'), ('triangle', 'blue'), ('triangle', 'red')]"
test_dataset_v2/img_882.png,[]
test_dataset_v2/img_883.png,"[('circle', 'green'), ('square', 'green'), ('triangle', 'green'), ('triangle', 'red')]"
test_dataset_v2/img_884.png,"[('triangle', 'blue')]"
test_dataset_v2/img_885.png,[]
test_dataset_v2/img_886.png,"[('circle', 'red'), ('square', 'red'), ('triangle', 'green'), ('triangle', 'red')]"
test_dataset_v2/img_887.png,"[('circle', 'green'), ('circle', 'red'), ('square', 'red'), ('triangle', 'green'), ('triangle', 'red')]"
test_dataset_v2/img_888.png,"[('circle', 'blue'), ('triangle', 'red')]"
test_dataset_v2/img_889.png,"[('square', 'blue'), ('triangle', 'green'), ('triangle', 'red')]"
test_dataset_v2/img_890.png,[]
test_dataset_v2/img_891.png,"[('circle', 'red'), ('triangle', 'green')]"
test_dataset_v2/img_892.png,"[('square', 'blue'), ('square', 'green'), ('triangle', 'green'), ('triangle', 'red')]"
test_dataset_v2/img_893.png,"[('circle', 'green'), ('circle', 'red'), ('triangle', 'red')]"
test_dataset_v2/img_894.png,"[('circle', 'blue'), ('triangle', 'blue')]"
test_dataset_v2/img_895.png,"[('circle', 'blue'), ('circle', 'red'), ('square', 'green'), ('triangle', 'blue'), ('triangle', 'green')]"
test_dataset_v2/img_896.png,"[('circle', 'blue'), ('triangle', 'green'), ('triangle', 'red')]"
test_dataset_v2/img_897.png,"[('square', 'blue'), ('triangle', 'blue'), ('triangle', 'green'), ('triangle', 'red')]"
test_dataset_v2/img_898.png,"[('triangle', 'blue')]"
test_dataset_v2/img_899.png,"[('circle', 'green')]"
test_dataset_v2/img_900.png,"[('circle', 'blue'), ('circle', 'green'), ('triangle', 'blue'), ('triangle', 'red')]"
test_dataset_v2/img_901.png,"[('circle', 'green'), ('square', 'red'), ('triangle', 'blue')]"
test_dataset_v2/img_902.png,"[('circle', 'green'), ('square', 'blue'), ('triangle', 'blue'), ('triangle', 'green'), ('triangle', 'red')]"
test_dataset_v2/img_903.png,"[('square', 'red')]"
test_dataset_v2/img_904.png,"[('circle', 'red'), ('square', 'green'), ('square', 'red'), ('triangle', 'blue')]"
test_dataset_v2/img_905.png,"[('circle', 'green'), ('circle', 'red'), ('triangle', 'green')]"
test_dataset_v2/img_906.png,"[('circle', 'green'), ('circle', 'red'), ('triangle', 'green'), ('triangle', 'red')]"
test_dataset_v2/img_907.png,"[('circle', 'green'), ('square', 'blue'), ('square', 'green'), ('square', 'red'), ('triangle', 'blue')]"
test_dataset_v2/img_908.png,"[('circle', 'green'), ('square', 'blue')]"
test_dataset_v2/img_909.png,"[('circle', 'green'), ('circle', 'red'), ('triangle', 'red')]"
test_dataset_v2/img_910.png,"[('circle', 'red'), ('triangle', 'blue'), ('triangle', 'green')]"
test_dataset_v2/img_911.png,"[('circle', 'green'), ('circle', 'red'), ('triangle', 'blue'), ('triangle', 'green'), ('triangle', 'red')]"
test_dataset_v2/img_912.png,"[('circle', 'blue'), ('circle', 'red'), ('square', 'blue'), ('triangle', 'red')]"
test_dataset_v2/img_913.png,"[('circle', 'green'), ('square', 'green')]"
test_dataset_v2/img_914.png,[]
test_dataset_v2/img_915.png,"[('circle', 'red'), ('square', 'red'), ('triangle', 'red')]"
test_dataset_v2/img_916.png,"[('square', 'blue'), ('square', 'red')]"
test_dataset_v2/img_917.png,"[('square', 'green'), ('triangle', 'green'), ('triangle', 'red')]"
test_dataset_v2/img_918.png,"[('circle', 'blue'), ('circle', 'red'), ('square', 'red'), ('triangle', 'red')]"
test_dataset_v2/img_919.png,"[('circle', 'blue'), ('circle', 'red')]"
test_dataset_v2/img_920.png,"[('circle', 'blue')]"
test_dataset_v2/img_921.png,"[('circle', 'red'), ('square', 'red')]"
test_dataset_v2/img_922.png,"[('circle', 'red'), ('square', 'green'), ('triangle', 'blue')]"
test_dataset_v2/img_923.png,"[('square', 'blue'), ('triangle', 'blue')]"
test_dataset_v2/img_924.png,"[('square', 'blue'), ('square', 'red'), ('triangle', 'blue'), ('triangle', 'red')]"
test_dataset_v2/img_925.png,"[('circle', 'blue'), ('square', 'green'), ('triangle', 'blue'), ('triangle', 'green'), ('triangle', 'red')]"
test_dataset_v2/img_926.png,"[('circle', 'blue'), ('circle', 'red'), ('square', 'blue'), ('triangle', 'blue'), ('triangle', 'red')]"
test_dataset_v2/img_927.png,"[('triangle', 'blue')]"
test_dataset_v2/img_928.png,"[('circle', 'blue'), ('circle', 'green'), ('circle', 'red'), ('square', 'blue'), ('triangle', 'green'), ('triangle', 'red')]"
test_dataset_v2/img_929.png,"[('square', 'green')]"
test_dataset_v2/img_930.png,"[('circle', 'green'), ('circle', 'red'), ('triangle', 'blue'), ('triangle', 'green'), ('triangle', 'red')]"
test_dataset_v2/img_931.png,[]
test_dataset_v2/img_932.png,"[('circle', 'blue'), ('square', 'red'), ('triangle', 'red')]"
test_dataset_v2/img_933.png,"[('circle', 'green'), ('circle', 'red'), ('square', 'blue')]"
test_dataset_v2/img_934.png,"[('circle', 'red'), ('triangle', 'blue'), ('triangle', 'green'), ('triangle', 'red')]"
test_dataset_v2/img_935.png,"[('circle', 'blue'), ('circle', 'red'), ('square', 'green'), ('square', 'red'), ('triangle', 'green')]"
test_dataset_v2/img_936.png,[]
test_dataset_v2/img_937.png,[]
test_dataset_v2/img_938.png,[]
test_dataset_v2/img_939.png,"[('triangle', 'blue')]"
test_dataset_v2/img_940.png,"[('circle', 'blue')]"
test_dataset_v2/img_941.png,"[('circle', 'blue'), ('square', 'red')]"
test_dataset_v2/img_942.png,"[('circle', 'green'), ('triangle', 'blue')]"
test_dataset_v2/img_943.png,"[('circle', 'blue'), ('square', 'blue'), ('square', 'red'), ('triangle', 'blue')]"
test_dataset_v2/img_944.png,"[('circle', 'green'), ('circle', 'red'), ('triangle', 'blue')]"
test_dataset_v2/img_945.png,[]
test_dataset_v2/img_946.png,"[('square', 'blue'), ('triangle', 'green')]"
test_dataset_v2/img_947.png,"[('circle', 'green'), ('triangle', 'blue'), ('triangle', 'green'), ('triangle', 'red')]"
test_dataset_v2/img_948.png,[]
test_dataset_v2/img_949.png,"[('circle', 'blue'), ('circle', 'green'), ('square', 'blue'), ('square', 'green'), ('triangle', 'blue'), ('triangle', 'green'), ('triangle', 'red')]"
test_dataset_v2/img_950.png,"[('square', 'blue'), ('triangle', 'green')]"
test_dataset_v2/img_951.png,"[('circle', 'red')]"
test_dataset_v2/img_952.png,"[('triangle', 'blue')]"
test_dataset_v2/img_953.png,"[('triangle', 'blue'), ('triangle', 'green')]"
test_dataset_v2/img_954.png,"[('circle', 'red'), ('square', 'blue'), ('square', 'green'), ('square', 'red'), ('triangle', 'green'), ('triangle', 'red')]"
test_dataset_v2/img_955.png,"[('square', 'blue'), ('square', 'green')]"
test_dataset_v2/img_956.png,"[('square', 'green'), ('triangle', 'green')]"
test_dataset_v2/img_957.png,"[('circle', 'red'), ('triangle', 'blue')]"
test_dataset_v2/img_958.png,[]
test_dataset_v2/img_959.png,"[('circle', 'green'), ('triangle', 'green')]"
test_dataset_v2/img_960.png,"[('circle', 'green')]"
test_dataset_v2/img_961.png,"[('square', 'blue')]"
test_dataset_v2/img_962.png,"[('circle', 'blue'), ('circle', 'red'), ('square', 'red'), ('triangle', 'green')]"
test_dataset_v2/img_963.png,"[('circle', 'blue'), ('square', 'red'), ('triangle', 'green'), ('triangle', 'red')]"
test_dataset_v2/img_964.png,"[('circle', 'blue'), ('circle', 'green'), ('square', 'blue'), ('triangle', 'blue')]"
test_dataset_v2/img_965.png,"[('circle', 'blue'), ('circle', 'green'), ('circle', 'red'), ('triangle', 'blue'), ('triangle', 'green')]"
test_dataset_v2/img_966.png,"[('circle', 'green'), ('circle', 'red'), ('square', 'green'), ('triangle', 'blue'), ('triangle', 'red')]"
test_dataset_v2/img_967.png,"[('circle', 'red'), ('triangle', 'blue'), ('triangle', 'green')]"
test_dataset_v2/img_968.png,"[('square', 'red'), ('triangle', 'blue'), ('triangle', 'red')]"
test_dataset_v2/img_969.png,"[('circle', 'blue'), ('circle', 'red')]"
test_dataset_v2/img_970.png,"[('circle', 'blue'), ('circle', 'green'), ('triangle', 'green')]"
test_dataset_v2/img_971.png,"[('circle', 'green'), ('square', 'blue'), ('triangle', 'green'), ('triangle', 'red')]"
test_dataset_v2/img_972.png,"[('circle', 'red'), ('triangle', 'red')]"
test_dataset_v2/img_973.png,"[('square', 'green'), ('square', 'red')]"
test_dataset_v2/img_974.png,"[('square', 'blue'), ('triangle', 'blue'), ('triangle', 'green'), ('triangle', 'red')]"
test_dataset_v2/img_975.png,"[('circle', 'blue'), ('square', 'green')]"
test_dataset_v2/img_976.png,[]
test_dataset_v2/img_977.png,"[('circle', 'green'), ('triangle', 'blue'), ('triangle', 'green'), ('triangle', 'red')]"
test_dataset_v2/img_978.png,"[('triangle', 'red')]"
test_dataset_v2/img_979.png,"[('square', 'red'), ('triangle', 'blue')]"
test_dataset_v2/img_980.png,"[('circle', 'red'), ('square', 'blue'), ('square', 'green'), ('square', 'red'), ('triangle', 'blue'), ('triangle', 'green')]"
test_dataset_v2/img_981.png,"[('square', 'green'), ('triangle', 'green')]"
test_dataset_v2/img_982.png,"[('circle', 'blue'), ('square', 'blue'), ('square', 'green'), ('triangle', 'green'), ('triangle', 'red')]"
test_dataset_v2/img_983.png,"[('square', 'blue'), ('square', 'green'), ('triangle', 'blue'), ('triangle', 'red')]"
test_dataset_v2/img_984.png,"[('square', 'blue'), ('square', 'green'), ('triangle', 'blue'), ('triangle', 'green'), ('triangle', 'red')]"
test_dataset_v2/img_985.png,[]
test_dataset_v2/img_986.png,"[('square', 'blue'), ('square', 'green'), ('triangle', 'blue'), ('triangle', 'red')]"
test_dataset_v2/img_987.png,[]
test_dataset_v2/img_988.png,"[('circle', 'red'), ('square', 'blue'), ('square', 'green'), ('triangle', 'blue'), ('triangle', 'green')]"
test_dataset_v2/img_989.png,"[('square', 'red')]"
test_dataset_v2/img_990.png,"[('square', 'green'), ('triangle', 'green')]"
test_dataset_v2/img_991.png,"[('square', 'green')]"
test_dataset_v2/img_992.png,[]
test_dataset_v2/img_993.png,"[('circle', 'green'), ('circle', 'red'), ('triangle', 'blue'), ('triangle', 'green'), ('triangle', 'red')]"
test_dataset_v2/img_994.png,"[('square', 'blue'), ('square', 'red'), ('triangle', 'blue')]"
test_dataset_v2/img_995.png,"[('circle', 'blue'), ('circle', 'green'), ('circle', 'red'), ('square', 'green'), ('triangle', 'blue')]"
test_dataset_v2/img_996.png,"[('circle', 'blue'), ('triangle', 'blue'), ('triangle', 'green')]"
test_dataset_v2/img_997.png,[]
test_dataset_v2/img_998.png,"[('circle', 'green'), ('square', 'blue'), ('square', 'red'), ('triangle', 'red')]"
test_dataset_v2/img_999.png,"[('circle', 'blue'), ('circle', 'red'), ('square', 'green'), ('triangle', 'blue'), ('triangle', 'green'), ('triangle', 'red')]"
